-- MySQL dump 10.13  Distrib 8.0.42, for Linux (x86_64)
--
-- Host: localhost    Database: tikz2svg
-- ------------------------------------------------------
-- Server version	8.0.42-0ubuntu0.22.04.1

/*!40101 SET @OLD_CHARACTER_SET_CLIENT=@@CHARACTER_SET_CLIENT */;
/*!40101 SET @OLD_CHARACTER_SET_RESULTS=@@CHARACTER_SET_RESULTS */;
/*!40101 SET @OLD_COLLATION_CONNECTION=@@COLLATION_CONNECTION */;
/*!50503 SET NAMES utf8mb4 */;
/*!40103 SET @OLD_TIME_ZONE=@@TIME_ZONE */;
/*!40103 SET TIME_ZONE='+00:00' */;
/*!40014 SET @OLD_UNIQUE_CHECKS=@@UNIQUE_CHECKS, UNIQUE_CHECKS=0 */;
/*!40014 SET @OLD_FOREIGN_KEY_CHECKS=@@FOREIGN_KEY_CHECKS, FOREIGN_KEY_CHECKS=0 */;
/*!40101 SET @OLD_SQL_MODE=@@SQL_MODE, SQL_MODE='NO_AUTO_VALUE_ON_ZERO' */;
/*!40111 SET @OLD_SQL_NOTES=@@SQL_NOTES, SQL_NOTES=0 */;

--
-- Table structure for table `email_log`
--

DROP TABLE IF EXISTS `email_log`;
/*!40101 SET @saved_cs_client     = @@character_set_client */;
/*!50503 SET character_set_client = utf8mb4 */;
CREATE TABLE `email_log` (
  `id` int NOT NULL AUTO_INCREMENT,
  `recipient` varchar(255) COLLATE utf8mb4_unicode_ci NOT NULL,
  `template` varchar(100) COLLATE utf8mb4_unicode_ci NOT NULL,
  `success` tinyint(1) NOT NULL DEFAULT '0',
  `error_message` text COLLATE utf8mb4_unicode_ci,
  `sent_at` timestamp NULL DEFAULT CURRENT_TIMESTAMP,
  PRIMARY KEY (`id`),
  KEY `idx_recipient` (`recipient`),
  KEY `idx_template` (`template`),
  KEY `idx_sent_at` (`sent_at`),
  KEY `idx_success` (`success`)
) ENGINE=InnoDB AUTO_INCREMENT=168 DEFAULT CHARSET=utf8mb4 COLLATE=utf8mb4_unicode_ci;
/*!40101 SET character_set_client = @saved_cs_client */;

--
-- Dumping data for table `email_log`
--

LOCK TABLES `email_log` WRITE;
/*!40000 ALTER TABLE `email_log` DISABLE KEYS */;
INSERT INTO `email_log` VALUES (1,'support@tikz2svg.com','notification',0,'emails/notification.html','2025-08-25 12:20:06'),(2,'support@tikz2svg.com','notification',1,NULL,'2025-08-25 12:20:36'),(3,'datahiep93@gmail.com','profile_settings_verification',1,NULL,'2025-08-25 12:21:13'),(4,'datahiep93@gmail.com','profile_settings_verification',1,NULL,'2025-08-25 12:21:37'),(5,'support@tikz2svg.com','notification',1,NULL,'2025-08-25 13:16:06'),(6,'datahiep93@gmail.com','welcome',0,'emails/welcome.html','2025-08-25 13:16:38'),(7,'datahiep93@gmail.com','profile_settings_verification',1,NULL,'2025-08-25 13:16:42'),(8,'support@tikz2svg.com','notification',1,NULL,'2025-08-25 13:17:21'),(9,'support@tikz2svg.com','notification',1,NULL,'2025-08-25 13:22:15'),(10,'datahiep93@gmail.com','welcome',1,NULL,'2025-08-25 13:22:24'),(11,'quochiep0504@gmail.com','welcome',1,NULL,'2025-08-25 13:24:48'),(12,'support@tikz2svg.com','notification',1,NULL,'2025-08-25 13:30:20'),(13,'datahiep93@gmail.com','welcome',1,NULL,'2025-08-25 13:30:48'),(14,'datahiep93@gmail.com','notification',1,NULL,'2025-08-25 13:30:52'),(15,'datahiep93@gmail.com','welcome',1,NULL,'2025-08-25 13:31:10'),(16,'quochiep0504@gmail.com','account_verification',0,'emails/account_verification.html','2025-08-25 13:31:10'),(17,'datahiep93@gmail.com','notification',1,NULL,'2025-08-25 13:31:14'),(18,'datahiep93@gmail.com','welcome',1,NULL,'2025-08-25 13:32:09'),(19,'quochiep0504@gmail.com','account_verification',1,NULL,'2025-08-25 13:32:13'),(20,'datahiep93@gmail.com','notification',1,NULL,'2025-08-25 13:32:17'),(21,'datahiep93@gmail.com','welcome',1,NULL,'2025-08-25 13:34:22'),(22,'quochiep0504@gmail.com','account_verification',1,NULL,'2025-08-25 13:34:27'),(23,'datahiep93@gmail.com','notification',1,NULL,'2025-08-25 13:34:31'),(24,'datahiep93@gmail.com','welcome',1,NULL,'2025-08-25 13:35:04'),(25,'datahiep93@gmail.com','welcome',1,NULL,'2025-08-25 13:35:08'),(26,'datahiep93@gmail.com','welcome',1,NULL,'2025-08-25 13:35:13'),(27,'datahiep93@gmail.com','welcome',1,NULL,'2025-08-25 13:35:17'),(28,'datahiep93@gmail.com','welcome',1,NULL,'2025-08-25 13:35:21'),(29,'datahiep93@gmail.com','welcome',1,NULL,'2025-08-25 13:35:25'),(30,'datahiep93@gmail.com','welcome',1,NULL,'2025-08-25 13:35:30'),(31,'datahiep93@gmail.com','welcome',1,NULL,'2025-08-25 13:35:34'),(32,'datahiep93@gmail.com','welcome',1,NULL,'2025-08-25 13:35:38'),(33,'datahiep93@gmail.com','welcome',1,NULL,'2025-08-25 13:35:43'),(34,'quochiep0504@gmail.com','welcome',1,NULL,'2025-08-25 13:38:40'),(35,'quochiep0504@gmail.com','account_verification',1,NULL,'2025-08-25 13:38:50'),(36,'quochiep0504@gmail.com','svg_verification',0,'emails/svg_verification.html','2025-08-25 13:38:54'),(37,'quochiep0504@gmail.com','account_verification',1,NULL,'2025-08-25 13:39:09'),(38,'quochiep0504@gmail.com','svg_verification',0,'emails/svg_verification.html','2025-08-25 13:39:18'),(39,'quochiep0504@gmail.com','svg_verification',0,'emails/svg_verification.html','2025-08-25 13:39:55'),(40,'datahiep93@gmail.com','welcome',1,NULL,'2025-08-25 13:41:51'),(41,'quochiep0504@gmail.com','account_verification',1,NULL,'2025-08-25 13:41:55'),(42,'datahiep93@gmail.com','notification',1,NULL,'2025-08-25 13:41:59'),(43,'datahiep93@gmail.com','svg_verification',1,NULL,'2025-08-25 13:43:03'),(44,'datahiep93@gmail.com','welcome',1,NULL,'2025-08-25 13:43:36'),(45,'quochiep0504@gmail.com','account_verification',1,NULL,'2025-08-25 13:43:42'),(46,'datahiep93@gmail.com','notification',1,NULL,'2025-08-25 13:43:49'),(47,'quochiep0504@gmail.com','svg_verification',1,NULL,'2025-08-25 13:44:01'),(48,'quochiep0504@gmail.com','svg_verification',1,NULL,'2025-08-25 13:44:04'),(49,'datahiep93@gmail.com','welcome',1,NULL,'2025-08-25 13:44:21'),(50,'quochiep0504@gmail.com','account_verification',0,'[SSL: UNEXPECTED_EOF_WHILE_READING] EOF occurred in violation of protocol (_ssl.c:1032)','2025-08-25 13:44:34'),(51,'datahiep93@gmail.com','notification',1,NULL,'2025-08-25 13:44:40'),(52,'quochiep0504@gmail.com','svg_verification',1,NULL,'2025-08-25 13:44:45'),(53,'datahiep93@gmail.com','svg_verification',1,NULL,'2025-08-25 13:45:01'),(54,'quochiep0504@gmail.com','welcome',1,NULL,'2025-08-25 14:27:07'),(55,'quochiep0504@gmail.com','welcome',1,NULL,'2025-08-25 14:30:55'),(56,'datahiep93@gmail.com','profile_settings_verification',1,NULL,'2025-08-25 14:37:26'),(57,'datahiep93@gmail.com','profile_settings_verification',1,NULL,'2025-08-25 14:38:55'),(58,'datahiep93@gmail.com','profile_settings_verification',1,NULL,'2025-08-25 14:44:20'),(59,'datahiep93@gmail.com','profile_settings_verification',1,NULL,'2025-08-25 14:47:16'),(60,'datahiep93@gmail.com','welcome',1,NULL,'2025-08-25 14:52:38'),(61,'quochiep0504@gmail.com','welcome',1,NULL,'2025-08-25 14:56:41'),(62,'quochiep0504@gmail.com','welcome',1,NULL,'2025-08-25 15:12:41'),(63,'pkenhiep@gmail.com','profile_settings_verification',1,NULL,'2025-08-25 08:31:37'),(64,'pkenhiep@gmail.com','profile_settings_verification',1,NULL,'2025-08-25 08:32:59'),(65,'quochiep0504@gmail.com','welcome',1,NULL,'2025-08-25 15:40:59'),(66,'datahiep93@gmail.com','profile_settings_verification',1,NULL,'2025-08-25 08:47:51'),(67,'quochiep0504@gmail.com','account_verification',1,NULL,'2025-08-25 16:03:29'),(68,'datahiep93@gmail.com','profile_settings_verification',1,NULL,'2025-08-25 16:05:05'),(69,'pkenhiep@gmail.com','profile_settings_verification',1,NULL,'2025-08-25 09:08:41'),(70,'pkenhiep@gmail.com','profile_settings_verification',1,NULL,'2025-08-25 09:26:46'),(71,'datahiep93@gmail.com','profile_settings_verification',1,NULL,'2025-08-25 15:09:03'),(72,'quochiep0504@gmail.com','welcome',1,NULL,'2025-08-25 15:10:40'),(73,'quochiep0504@gmail.com','account_verification',1,NULL,'2025-08-25 23:08:33'),(74,'quochiep0504@gmail.com','welcome',1,NULL,'2025-08-25 23:08:50'),(75,'datahiep93@gmail.com','profile_settings_verification',1,NULL,'2025-08-25 23:25:41'),(76,'datahiep93@gmail.com','profile_settings_verification',1,NULL,'2025-08-25 23:27:34'),(77,'datahiep93@gmail.com','profile_settings_verification',1,NULL,'2025-08-25 23:41:06'),(78,'datahiep93@gmail.com','profile_settings_verification',1,NULL,'2025-08-25 23:44:40'),(79,'datahiep93@gmail.com','profile_settings_verification',1,NULL,'2025-08-25 16:49:29'),(80,'datahiep93@gmail.com','profile_settings_verification',1,NULL,'2025-08-25 23:17:20'),(81,'test@example.com','welcome',0,'\'NoneType\' object has no attribute \'is_authenticated\'','2025-08-26 06:34:38'),(82,'buihuyphucilml20853@gmail.com','welcome',0,'\'NoneType\' object has no attribute \'is_authenticated\'','2025-08-26 06:36:36'),(83,'buihuyphucilml20853@gmail.com','welcome',0,'\'NoneType\' object has no attribute \'is_authenticated\'','2025-08-26 06:36:54'),(84,'buihuyphucilml20853@gmail.com','welcome',0,'\'NoneType\' object has no attribute \'is_authenticated\'','2025-08-26 06:37:08'),(85,'buihuyphucilml20853@gmail.com','welcome',0,'\'mail\'','2025-08-26 06:37:28'),(86,'buihuyphucilml20853@gmail.com','welcome',1,NULL,'2025-08-26 06:38:57'),(88,'buihuyphucilml20853@gmail.com','welcome',1,NULL,'2025-08-26 06:45:27'),(89,'buihuyphucilml20853@gmail.com','profile_settings_verification',1,NULL,'2025-08-26 06:47:51'),(90,'buihuyphucilml20853@gmail.com','profile_settings_verification',1,NULL,'2025-08-25 23:49:29'),(91,'pkenhiep@gmail.com','profile_settings_verification',1,NULL,'2025-08-26 01:48:18'),(92,'pkenhiep@gmail.com','profile_settings_verification',1,NULL,'2025-08-26 03:28:14'),(93,'buihuyphucilml20853@gmail.com','profile_settings_verification',1,NULL,'2025-08-26 12:40:02'),(94,'buihuyphucilml20853@gmail.com','profile_settings_verification',1,NULL,'2025-08-26 13:05:45'),(95,'pkenhiep@gmail.com','identity_verification',1,NULL,'2025-08-26 14:46:21'),(96,'pkenhiep@gmail.com','profile_settings_verification',1,NULL,'2025-08-26 15:06:11'),(97,'datahiep93@gmail.com','identity_verification',1,NULL,'2025-08-26 15:29:28'),(98,'hiep.data.tk@gmail.com','identity_verification',1,NULL,'2025-08-26 08:34:35'),(99,'quochiep0504@gmail.com','welcome',1,NULL,'2025-08-26 09:12:21'),(100,'quochiep0504@gmail.com','profile_settings_verification',1,NULL,'2025-08-26 09:15:13'),(101,'quochiep0504@gmail.com','identity_verification',1,NULL,'2025-08-26 09:18:10'),(102,'datahiep93@gmail.com','profile_settings_verification',1,NULL,'2025-08-27 13:47:10'),(103,'datahiep93@gmail.com','profile_settings_verification',1,NULL,'2025-08-27 14:19:32'),(104,'datahiep93@gmail.com','profile_settings_verification',1,NULL,'2025-08-27 14:25:19'),(105,'buihuyphucilml20853@gmail.com','profile_settings_verification',1,NULL,'2025-08-27 09:27:48'),(106,'quochiep0504@gmail.com','profile_settings_verification',1,NULL,'2025-09-02 11:18:56'),(107,'pkenhiep@gmail.com','profile_settings_verification',1,NULL,'2025-09-04 06:04:59'),(108,'datahiep93@gmail.com','profile_settings_verification',1,NULL,'2025-09-06 00:01:26'),(109,'datahiep93@gmail.com','identity_verification',1,NULL,'2025-09-06 00:02:36'),(110,'pkenhiep@gmail.com','identity_verification',1,NULL,'2025-09-07 12:52:20'),(111,'pkenhiep@gmail.com','profile_settings_verification',0,'Rate limit exceeded','2025-09-07 12:53:15'),(112,'pkenhiep@gmail.com','profile_settings_verification',1,NULL,'2025-09-07 12:55:51'),(113,'pkenhiep@gmail.com','profile_settings_verification',1,NULL,'2025-09-07 14:06:32'),(114,'pkenhiep@gmail.com','profile_settings_verification',1,NULL,'2025-09-07 14:08:21'),(115,'pkenhiep@gmail.com','profile_settings_verification',1,NULL,'2025-09-07 14:11:14'),(116,'pkenhiep@gmail.com','profile_settings_verification',0,'Rate limit exceeded','2025-09-07 14:11:35'),(117,'pkenhiep@gmail.com','profile_settings_verification',1,NULL,'2025-09-07 14:24:24'),(118,'pkenhiep@gmail.com','profile_settings_verification',1,NULL,'2025-09-07 14:26:07'),(119,'pkenhiep@gmail.com','profile_settings_verification',1,NULL,'2025-09-08 06:13:07'),(120,'pkenhiep@gmail.com','profile_settings_verification',1,NULL,'2025-09-08 12:22:10'),(121,'pkenhiep@gmail.com','profile_settings_verification',1,NULL,'2025-09-08 12:23:43'),(122,'pkenhiep@gmail.com','profile_settings_verification',1,NULL,'2025-09-08 12:30:33'),(123,'pkenhiep@gmail.com','profile_settings_verification',1,NULL,'2025-09-08 12:31:39'),(124,'pkenhiep@gmail.com','profile_settings_verification',1,NULL,'2025-09-08 12:34:59'),(125,'quochiep0504@gmail.com','profile_settings_verification',1,NULL,'2025-09-08 05:38:45'),(126,'pkenhiep@gmail.com','profile_settings_verification',1,NULL,'2025-09-08 12:51:04'),(127,'pkenhiep@gmail.com','profile_settings_verification',1,NULL,'2025-09-08 12:52:23'),(128,'pkenhiep@gmail.com','profile_settings_verification',1,NULL,'2025-09-08 12:54:07'),(129,'pkenhiep@gmail.com','profile_settings_verification',1,NULL,'2025-09-08 12:58:42'),(130,'pkenhiep@gmail.com','profile_settings_verification',1,NULL,'2025-09-08 12:59:54'),(131,'pkenhiep@gmail.com','profile_settings_verification',1,NULL,'2025-09-08 13:02:17'),(132,'pkenhiep@gmail.com','profile_settings_verification',1,NULL,'2025-09-08 13:04:41'),(133,'pkenhiep@gmail.com','profile_settings_verification',1,NULL,'2025-09-08 13:06:17'),(134,'pkenhiep@gmail.com','profile_settings_verification',1,NULL,'2025-09-08 13:07:26'),(135,'pkenhiep@gmail.com','profile_settings_verification',1,NULL,'2025-09-08 14:46:05'),(136,'pkenhiep@gmail.com','profile_settings_verification',1,NULL,'2025-09-08 21:43:11'),(137,'pkenhiep@gmail.com','profile_settings_verification',0,'Rate limit exceeded','2025-09-08 21:43:48'),(138,'pkenhiep@gmail.com','profile_settings_verification',1,NULL,'2025-09-08 21:47:04'),(139,'pkenhiep@gmail.com','profile_settings_verification',1,NULL,'2025-09-08 21:48:23'),(140,'pkenhiep@gmail.com','profile_settings_verification',0,'Rate limit exceeded','2025-09-08 21:49:19'),(141,'pkenhiep@gmail.com','profile_settings_verification',1,NULL,'2025-09-08 21:58:41'),(142,'pkenhiep@gmail.com','profile_settings_verification',1,NULL,'2025-09-08 22:23:34'),(143,'pkenhiep@gmail.com','profile_settings_verification',1,NULL,'2025-09-08 22:25:18'),(144,'pkenhiep@gmail.com','profile_settings_verification',1,NULL,'2025-09-08 22:35:57'),(145,'pkenhiep@gmail.com','profile_settings_verification',0,'Rate limit exceeded','2025-09-08 22:36:51'),(146,'pkenhiep@gmail.com','profile_settings_verification',1,NULL,'2025-09-08 22:48:23'),(147,'pkenhiep@gmail.com','profile_settings_verification',1,NULL,'2025-09-08 22:52:27'),(148,'pkenhiep@gmail.com','profile_settings_verification',1,NULL,'2025-09-08 22:59:46'),(149,'pkenhiep@gmail.com','profile_settings_verification',1,NULL,'2025-09-08 23:02:41'),(150,'pkenhiep@gmail.com','profile_settings_verification',1,NULL,'2025-09-08 23:08:40'),(151,'pkenhiep@gmail.com','profile_settings_verification',1,NULL,'2025-09-13 05:38:57'),(152,'pkenhiep@gmail.com','profile_settings_verification',1,NULL,'2025-09-13 05:49:40'),(153,'pkenhiep@gmail.com','profile_settings_verification',1,NULL,'2025-09-13 06:32:25'),(154,'pkenhiep@gmail.com','profile_settings_verification',1,NULL,'2025-09-14 01:41:12'),(155,'pkenhiep@gmail.com','profile_settings_verification',1,NULL,'2025-09-14 03:12:50'),(156,'hiepnig2@gmail.com','welcome',1,NULL,'2025-09-20 16:18:57'),(157,'hiepnig2@gmail.com','profile_settings_verification',1,NULL,'2025-09-20 16:20:13'),(158,'nguyenkieutien4550@gmail.com','welcome',1,NULL,'2025-09-21 00:21:19'),(159,'lucdo.dat58640@gmail.com','welcome',1,NULL,'2025-09-23 02:00:13'),(160,'lucdo.dat58640@gmail.com','identity_verification',1,NULL,'2025-09-23 07:32:20'),(161,'pkenhiep@gmail.com','identity_verification',1,NULL,'2025-09-23 14:41:07'),(162,'lucdo.dat58640@gmail.com','profile_settings_verification',1,NULL,'2025-09-23 14:58:59'),(163,'lucdo.dat58640@gmail.com','profile_settings_verification',1,NULL,'2025-09-23 22:13:32'),(164,'lucdo.dat58640@gmail.com','profile_settings_verification',1,NULL,'2025-09-26 04:30:55'),(165,'hiep.data.dp@gmail.com','welcome',1,NULL,'2025-09-26 07:51:52'),(166,'hiep.data.dp@gmail.com','welcome',1,NULL,'2025-09-26 11:49:45'),(167,'quochiep0504@gmail.com','profile_settings_verification',1,NULL,'2025-10-01 13:16:00');
/*!40000 ALTER TABLE `email_log` ENABLE KEYS */;
UNLOCK TABLES;

--
-- Table structure for table `email_notifications`
--

DROP TABLE IF EXISTS `email_notifications`;
/*!40101 SET @saved_cs_client     = @@character_set_client */;
/*!50503 SET character_set_client = utf8mb4 */;
CREATE TABLE `email_notifications` (
  `id` int NOT NULL AUTO_INCREMENT,
  `user_id` int NOT NULL,
  `notification_type` varchar(100) COLLATE utf8mb4_unicode_ci NOT NULL,
  `title` varchar(255) COLLATE utf8mb4_unicode_ci NOT NULL,
  `message` text COLLATE utf8mb4_unicode_ci NOT NULL,
  `action_url` varchar(500) COLLATE utf8mb4_unicode_ci DEFAULT NULL,
  `sent` tinyint(1) DEFAULT '0',
  `sent_at` timestamp NULL DEFAULT NULL,
  `created_at` timestamp NULL DEFAULT CURRENT_TIMESTAMP,
  PRIMARY KEY (`id`),
  KEY `idx_user_id` (`user_id`),
  KEY `idx_notification_type` (`notification_type`),
  KEY `idx_sent` (`sent`),
  KEY `idx_created_at` (`created_at`),
  CONSTRAINT `email_notifications_ibfk_1` FOREIGN KEY (`user_id`) REFERENCES `user` (`id`) ON DELETE CASCADE
) ENGINE=InnoDB DEFAULT CHARSET=utf8mb4 COLLATE=utf8mb4_unicode_ci;
/*!40101 SET character_set_client = @saved_cs_client */;

--
-- Dumping data for table `email_notifications`
--

LOCK TABLES `email_notifications` WRITE;
/*!40000 ALTER TABLE `email_notifications` DISABLE KEYS */;
/*!40000 ALTER TABLE `email_notifications` ENABLE KEYS */;
UNLOCK TABLES;

--
-- Table structure for table `keyword`
--

DROP TABLE IF EXISTS `keyword`;
/*!40101 SET @saved_cs_client     = @@character_set_client */;
/*!50503 SET character_set_client = utf8mb4 */;
CREATE TABLE `keyword` (
  `id` int NOT NULL AUTO_INCREMENT,
  `word` varchar(255) CHARACTER SET utf8mb4 COLLATE utf8mb4_unicode_ci DEFAULT NULL,
  PRIMARY KEY (`id`),
  UNIQUE KEY `word` (`word`)
) ENGINE=InnoDB AUTO_INCREMENT=19 DEFAULT CHARSET=utf8mb4 COLLATE=utf8mb4_unicode_ci;
/*!40101 SET character_set_client = @saved_cs_client */;

--
-- Dumping data for table `keyword`
--

LOCK TABLES `keyword` WRITE;
/*!40000 ALTER TABLE `keyword` DISABLE KEYS */;
INSERT INTO `keyword` VALUES (16,'Đồ thị'),(5,'đường tròn'),(17,'hinh'),(4,'hình 01'),(2,'hình 3d'),(11,'hình học phẳng'),(7,'hình không gian'),(14,'Học Tikz'),(1,'không gian'),(18,'Logo'),(12,'LỚP 12'),(8,'minh họa'),(6,'mới'),(3,'nghệ thuật'),(15,'Tam giác'),(10,'THCS'),(9,'Thực tế'),(13,'xúc xắc');
/*!40000 ALTER TABLE `keyword` ENABLE KEYS */;
UNLOCK TABLES;

--
-- Table structure for table `svg_action_log`
--

DROP TABLE IF EXISTS `svg_action_log`;
/*!40101 SET @saved_cs_client     = @@character_set_client */;
/*!50503 SET character_set_client = utf8mb4 */;
CREATE TABLE `svg_action_log` (
  `id` int NOT NULL AUTO_INCREMENT,
  `user_id` int DEFAULT NULL,
  `svg_image_id` int DEFAULT NULL,
  `action` varchar(50) CHARACTER SET utf8mb4 COLLATE utf8mb4_unicode_ci DEFAULT NULL,
  `created_at` datetime DEFAULT CURRENT_TIMESTAMP,
  PRIMARY KEY (`id`),
  KEY `user_id` (`user_id`),
  KEY `svg_image_id` (`svg_image_id`),
  CONSTRAINT `svg_action_log_ibfk_1` FOREIGN KEY (`user_id`) REFERENCES `user` (`id`),
  CONSTRAINT `svg_action_log_ibfk_2` FOREIGN KEY (`svg_image_id`) REFERENCES `svg_image` (`id`)
) ENGINE=InnoDB DEFAULT CHARSET=utf8mb4 COLLATE=utf8mb4_unicode_ci;
/*!40101 SET character_set_client = @saved_cs_client */;

--
-- Dumping data for table `svg_action_log`
--

LOCK TABLES `svg_action_log` WRITE;
/*!40000 ALTER TABLE `svg_action_log` DISABLE KEYS */;
/*!40000 ALTER TABLE `svg_action_log` ENABLE KEYS */;
UNLOCK TABLES;

--
-- Table structure for table `svg_image`
--

DROP TABLE IF EXISTS `svg_image`;
/*!40101 SET @saved_cs_client     = @@character_set_client */;
/*!50503 SET character_set_client = utf8mb4 */;
CREATE TABLE `svg_image` (
  `id` int NOT NULL AUTO_INCREMENT,
  `filename` varchar(255) CHARACTER SET utf8mb4 COLLATE utf8mb4_unicode_ci DEFAULT NULL,
  `tikz_code` text COLLATE utf8mb4_unicode_ci,
  `keywords` text CHARACTER SET utf8mb4 COLLATE utf8mb4_unicode_ci,
  `created_at` datetime DEFAULT CURRENT_TIMESTAMP,
  `user_id` int DEFAULT NULL,
  PRIMARY KEY (`id`),
  KEY `user_id` (`user_id`),
  CONSTRAINT `svg_image_ibfk_1` FOREIGN KEY (`user_id`) REFERENCES `user` (`id`)
) ENGINE=InnoDB AUTO_INCREMENT=121 DEFAULT CHARSET=utf8mb4 COLLATE=utf8mb4_unicode_ci;
/*!40101 SET character_set_client = @saved_cs_client */;

--
-- Dumping data for table `svg_image`
--

LOCK TABLES `svg_image` WRITE;
/*!40000 ALTER TABLE `svg_image` DISABLE KEYS */;
INSERT INTO `svg_image` VALUES (13,'115852900894156127858_065109090725.svg','\\begin{tikzpicture}[line cap=round,line join=round,font=\\footnotesize,>=stealth,scale=1]\n		\\fill (0,0) coordinate [label=above left:$A$] (A) circle(1pt)\n		(0:4) coordinate [label=below right:$B$] (B) circle(1pt)\n		(-30:3) coordinate [label=below:$C$] (C) circle(1pt)\n		(90:4) coordinate [label=left:$E$] (A\') circle(1pt)\n		($(A)+(C)-(B)$) coordinate [label=below right:$D$] (D) circle(1pt)\n		($(A\')+(B)-(A)$) coordinate [label=below right:$F$] (B\') circle(1pt)\n		($(A\')+(C)-(A)$) coordinate [label=below right:$G$] (C\') circle(1pt)\n		($(A\')+(C\')-(B\')$) coordinate [label=below right:$H$] (D\') circle(1pt);\n		\\draw[thick,blue] (C\')--(D\')--(A\')--(B\') (C)--(C\') (C)--(B)--(B\')--(C\') (C)--(D)--(D\');\n		\\draw[dashed,blue] (D)--(A)--(B) (A\')--(A);\n        \\draw (2,2) circle (2);\n	\\end{tikzpicture}','hình không gian','2025-07-08 23:51:09',1),(14,'115852900894156127858_065144090725.svg','\\begin{tikzpicture}\n\\draw[cyan] (1,1) circle (1);\n\\fill (1,1) circle (1pt);\n\\draw (-1,-1)--(2,2);\n\\end{tikzpicture}\nLê Quốc Hiệp','đường tròn','2025-07-08 23:51:44',1),(16,'111837470933223227528_065310090725.svg','\\begin{tikzpicture}[line cap=round,line join=round,font=\\footnotesize,>=stealth,scale=1]\n		\\fill (0,0) coordinate [label=above left:$A$] (A) circle(1pt)\n		(0:4) coordinate [label=below right:$B$] (B) circle(1pt)\n		(-30:3) coordinate [label=below:$C$] (C) circle(1pt)\n		(90:3) coordinate [label=left:$E$] (A\') circle(1pt)\n		($(A)+(C)-(B)$) coordinate [label=below right:$D$] (D) circle(1pt)\n		($(A\')+(B)-(A)$) coordinate [label=below right:$F$] (B\') circle(1pt)\n		($(A\')+(C)-(A)$) coordinate [label=below right:$G$] (C\') circle(1pt)\n		($(A\')+(C\')-(B\')$) coordinate [label=below right:$H$] (D\') circle(1pt);\n		\\draw[thick,cyan] (C\')--(D\')--(A\')--(B\') (C)--(C\') (C)--(B)--(B\')--(C\') (C)--(D)--(D\');\n		\\draw[dashed,blue] (D)--(A)--(B) (A\')--(A);\n	\\end{tikzpicture}','hình không gian','2025-07-08 23:53:10',5),(17,'115852900894156127858_072058090725.svg','\\begin{tikzpicture}[line cap=round,line join=round,font=\\footnotesize,>=stealth,scale=1]\n		\\fill (0,0) coordinate [label=above left:$A$] (A) circle(1pt)\n		(0:4) coordinate [label=below right:$B$] (B) circle(1pt)\n		(-30:3) coordinate [label=below:$C$] (C) circle(1pt)\n		(90:3) coordinate [label=left:$E$] (A\') circle(1pt)\n		($(A)+(C)-(B)$) coordinate [label=below right:$D$] (D) circle(1pt)\n		($(A\')+(B)-(A)$) coordinate [label=below right:$F$] (B\') circle(1pt)\n		($(A\')+(C)-(A)$) coordinate [label=below right:$G$] (C\') circle(1pt)\n		($(A\')+(C\')-(B\')$) coordinate [label=below right:$H$] (D\') circle(1pt);\n		\\draw[thick,cyan] (C\')--(D\')--(A\')--(B\') (C)--(C\') (C)--(B)--(B\')--(C\') (C)--(D)--(D\');\n		\\draw[dashed,red] (D)--(A)--(B) (A\')--(A);\n	\\end{tikzpicture}','Hình không gian','2025-07-09 00:20:58',1),(18,'111837470933223227528_073136090725.svg','\\begin{tikzpicture}\n\\draw[red] (1,1) circle (1);\n\\fill (1,1) circle (1pt);\n\\end{tikzpicture}\n01','Hình 01','2025-07-09 00:31:36',5),(20,'116826298949961073776_073854090725.svg','\\definecolor{mautoc}{HTML}{1f1f1f}\n	\\definecolor{mauao}{HTML}{cb3b23}\n	\\definecolor{maumoi}{HTML}{d03b22}\n	\\definecolor{nen}{HTML}{f5ece3}\n	\\definecolor{dom}{HTML}{f5DEB3}\n		\\begin{tikzpicture}[line join=round, line cap=round]\n			% Vẽ nền\n			\\filldraw[nen] (-3.6,-5) rectangle (3.6,5);\n			\n			% Khung\n			\\draw[blue] (-3.5,-4.9) rectangle (3.5,4.9);    \n			\n			% Vẽ mặt trời đỏ\n			\\filldraw[red] (1.43,1.92) circle (1cm);\n			\n			% Vẽ môi\n			\\def\\A{\n				(-.8,-.44)\n				..controls +(160:.25) and +(140:.4)..(-1,-.47) \n				..controls +(-110:.25) and +(-120:.2)..(-.8,-.44)\n			} \n			\\filldraw[mauao] \\A;\n			\\filldraw[scale=1,mauao,xshift=1cm,yshift=.5cm] \\A;\n			\n			% Vẽ quanh mèo\n			\\filldraw[mautoc]\n			(-1.8,-4.8)--(-3.4,-4.8)--(-3.4,-3.8) \n			..controls +(65:.2) and +(-91:.3)..(-3.1,-3) \n			..controls +(89:.1) and +(-105:.1)..(-3.03,-2.4)\n			..controls +(68:.5) and +(-65:.5)..(-2.96,-1) \n			..controls +(95:.3) and +(-105:.1)..(-2.88,0) --(-2.62,-.5) --(-2.51,.1) --(-2.3,-.55)\n			..controls +(40:.3) and +(155:.2)..(-1.6,-.48)\n			..controls +(-6:.04) and +(92:.12)..(-1.18,-.6) \n			..controls +(-60:.4) and +(40:.3)..(-1.71,-1.4) \n			..controls +(-140:.6) and +(110:.4)..(-1.4,-2.8)\n			--(-1.28,-4.8)--(-1.62,-4.8)\n			--(-1.75,-4) --(-1.83,-4.6)--(-1.8,-4.8);\n			\n			% Vẽ chỉ phân chân, râu mèo\n			\\draw[white,line width=.1pt] (-2.88,0)--(-2.62,-.5)\n			[white!60!gray,line width=.35pt] (-2.16,-4.8)--(-2.4,-4)\n			(-1.5,-.8) ..controls +(-160:.4) and +(45:.6)..(-2.8,-1.7)\n			(-1.6,-.9) ..controls +(-160:.4) and +(60:.6)..(-2.7,-2) \n			(-1.5,-.9) ..controls +(-155:.6) and +(80:.5)..(-2.67,-2.4)\n			(-1.4,-.6) ..controls +(90:.25) and +(10:.4)..(-2.6,1)\n			(-1.45,-.6)..controls +(120:.4) and +(0:.4)..(-3.4,1)\n			(-1.32,-.6)..controls +(120:.4) and +(-40:.4)..(-1.8,.8);\n			\n			% Vẽ tròng trắng mèo\n			\\filldraw[white] (-1.77,-.7) circle (4.5pt);\n			\n			% Vẽ tròng đen mèo\n			\\filldraw[rotate around={120:(-1.7,-.65)},black] \n			(-1.7,-.65) ellipse[x radius=3pt, y radius=1.5pt];\n			\n			% Vẽ đốm mèo\n			\\filldraw[rotate around={120:(-2,-2)},white] \n			(-2,-2) ellipse[x radius=3pt, y radius=2.5pt];\n			\\filldraw[rotate around={-10:(-2.1,-2)},white] \n			(-2.1,-2)  ellipse[x radius=2.5pt, y radius=2.5pt];\n			\\filldraw[rotate around={0:(-2.9,-4.4)},dom] \n			(-2.9,-4.4)  ellipse[x radius=2.5pt, y radius=2.5pt];\n			\\filldraw[rotate around={120:(-3,-4.4)},dom] \n			(-3,-4.4) ellipse[x radius=3.5pt, y radius=2.5pt]; \n			\n			% Tên\n			\\node[scale=.5,text=gray] at (1.42,-4.3) {\\rotatebox{0}{\\small GIAO NGUYỄN TƯỜNG}}; \n		\\end{tikzpicture}','nghệ thuật','2025-07-09 00:38:54',2),(21,'116896879463870011935_223658090725.svg','\\begin{tikzpicture}[line cap=round,line join=round,font=\\footnotesize,>=stealth,scale=1]\n		\\fill (0,0) coordinate [label=above left:$A$] (A) circle(1pt)\n		(0:4) coordinate [label=below right:$B$] (B) circle(1pt)\n		(-30:3) coordinate [label=below:$C$] (C) circle(1pt)\n		(90:3) coordinate [label=left:$E$] (A\') circle(1pt)\n		($(A)+(C)-(B)$) coordinate [label=below right:$D$] (D) circle(1pt)\n		($(A\')+(B)-(A)$) coordinate [label=below right:$F$] (B\') circle(1pt)\n		($(A\')+(C)-(A)$) coordinate [label=below right:$G$] (C\') circle(1pt)\n		($(A\')+(C\')-(B\')$) coordinate [label=below right:$H$] (D\') circle(1pt);\n		\\draw[thick,green] (C\')--(D\')--(A\')--(B\') (C)--(C\') (C)--(B)--(B\')--(C\') (C)--(D)--(D\');\n		\\draw[dashed,red] (D)--(A)--(B) (A\')--(A);\n	\\end{tikzpicture}01','Hình 3D','2025-07-09 15:36:59',6),(22,'115852900894156127858_060652100725.svg','\\begin{tikzpicture}[line cap=round,line join=round,font=\\footnotesize,>=stealth,scale=1]\n		\\fill (0,0) coordinate [label=above left:$A$] (A) circle(1pt)\n		(0:4) coordinate [label=below right:$B$] (B) circle(1pt)\n		(-30:3) coordinate [label=below:$C$] (C) circle(1pt)\n		(90:3) coordinate [label=left:$E$] (A\') circle(1pt)\n		($(A)+(C)-(B)$) coordinate [label=below right:$D$] (D) circle(1pt)\n		($(A\')+(B)-(A)$) coordinate [label=below right:$F$] (B\') circle(1pt)\n		($(A\')+(C)-(A)$) coordinate [label=below right:$G$] (C\') circle(1pt)\n		($(A\')+(C\')-(B\')$) coordinate [label=below right:$H$] (D\') circle(1pt);\n		\\draw[thick,dashed,cyan] (C\')--(D\')--(A\')--(B\') (C)--(C\') (C)--(B)--(B\')--(C\') (C)--(D)--(D\');\n		\\draw[dashed,red] (D)--(A)--(B) (A\')--(A);\n	\\end{tikzpicture}','Minh họa','2025-07-09 23:06:52',1),(23,'115852900894156127858_222250100725.svg','\\begin{tikzpicture}[x=.5cm]\n  \\draw[thick] (0,0) grid [step=1]     (3,2);\n  \\draw[red]   (0,0) grid [step=.75cm] (3,2);\n\\end{tikzpicture}\n\\begin{tikzpicture}\n  \\draw        (0,0) circle [radius=1];\n  \\draw[blue]  (0,0) grid [step=(45:1)] (3,2);\n\\end{tikzpicture}','Thực tế, THCS','2025-07-10 15:22:50',1),(24,'116826298949961073776_225359100725.svg','\\begin{tikzpicture}[angle radius=.75cm]\n\n  \\node (A) at (-2,0)     [red,left]   {$A$};\n  \\node (B) at ( 3,.5)    [red,right]  {$B$};\n  \\node (C) at (-2,2)     [blue,left]  {$C$};\n  \\node (D) at ( 3,2.5)   [blue,right] {$D$};\n  \\node (E) at (60:-5mm)  [below]      {$E$};\n  \\node (F) at (60:3.5cm) [above]      {$F$};\n\n  \\coordinate (X) at (intersection cs:first line={(A)--(B)}, second line={(E)--(F)});\n  \\coordinate (Y) at (intersection cs:first line={(C)--(D)}, second line={(E)--(F)});\n\n  \\path\n    (A) edge [red, thick]  (B)\n    (C) edge [blue, thick] (D)\n    (E) edge [thick]       (F)\n      pic [\"$\\alpha$\", draw, fill=yellow]   {angle = F--X--A}\n      pic [\"$\\beta$\",  draw, fill=green!30] {angle = B--X--F}\n      pic [\"$\\gamma$\", draw, fill=yellow]   {angle = E--Y--D}\n      pic [\"$\\delta$\", draw, fill=green!30] {angle = C--Y--E};\n\n  \\node at ($ (D)!.5!(B) $) [right=1cm,text width=6cm,rounded corners,fill=red!20,inner sep=1ex]\n    {\n      When we assume that $\\color{red}AB$ and $\\color{blue}CD$ are\n      parallel, i.\\,e., ${\\color{red}AB} \\mathbin{\\|} \\color{blue}CD$,\n      then $\\alpha = \\gamma$ and $\\beta = \\delta$.\n    };\n\\end{tikzpicture}','hình 01, Thực tế,','2025-07-10 15:53:59',2),(25,'116896879463870011935_234527100725.svg','\\begin{tikzpicture}[angle radius=.75cm]\n\n  \\node (A) at (-2,0)     [red,left]   {$S_2$};\n  \\node (B) at ( 3,.5)    [red,right]  {$B$};\n  \\node (C) at (-2,2)     [blue,left]  {$C$};\n  \\node (D) at ( 3,2.5)   [blue,right] {$D$};\n  \\node (E) at (60:-5mm)  [below]      {$E$};\n  \\node (F) at (60:3.5cm) [above]      {$F$};\n\n  \\coordinate (X) at (intersection cs:first line={(A)--(B)}, second line={(E)--(F)});\n  \\coordinate (Y) at (intersection cs:first line={(C)--(D)}, second line={(E)--(F)});\n\n  \\path\n    (A) edge [red, thick]  (B)\n    (C) edge [blue, thick] (D)\n    (E) edge [thick]       (F)\n      pic [\"$\\alpha$\", draw, fill=yellow]   {angle = F--X--A}\n      pic [\"$\\beta$\",  draw, fill=green!30] {angle = B--X--F}\n      pic [\"$\\gamma$\", draw, fill=yellow]   {angle = E--Y--D}\n      pic [\"$\\delta$\", draw, fill=green!30] {angle = C--Y--E};\n\n  \\node at ($ (D)!.5!(B) $) [right=1cm,text width=6cm,rounded corners,fill=red!20,inner sep=1ex]\n    {\n      When we assume that $\\color{red}AB$ and $\\color{blue}CD$ are\n      parallel, i.\\,e., ${\\color{red}AB} \\mathbin{\\|} \\color{blue}CD$,\n      then $\\alpha = \\gamma$ and $\\beta = \\delta$.\n    };\n\\end{tikzpicture}','hình không gian,','2025-07-10 16:45:27',6),(26,'115852900894156127858_124216110725.svg','\\begin{tikzpicture}[line cap=round,line join=round,font=\\footnotesize,>=stealth,scale=1]\n		\\fill (0,0) coordinate [label=above left:$A$] (A) circle(1pt)\n		(0:4) coordinate [label=below right:$B$] (B) circle(1pt)\n		(-30:3) coordinate [label=below:$C$] (C) circle(1pt)\n		(90:3) coordinate [label=left:$E$] (A\') circle(1pt)\n		($(A)+(C)-(B)$) coordinate [label=below right:$D$] (D) circle(1pt)\n		($(A\')+(B)-(A)$) coordinate [label=below right:$F$] (B\') circle(1pt)\n		($(A\')+(C)-(A)$) coordinate [label=below right:$G$] (C\') circle(1pt)\n		($(A\')+(C\')-(B\')$) coordinate [label=below right:$H$] (D\') circle(1pt);\n		\\draw[thick,dashed,cyan] (C\')--(D\')--(A\')--(B\') (C)--(C\') (C)--(B)--(B\')--(C\') (C)--(D)--(D\');\n		\\draw[dashed,red] (D)--(A)--(B) (A\')--(A);\n	\\end{tikzpicture}','không gian, hình học phẳng','2025-07-11 05:42:16',1),(27,'116826298949961073776_153254110725.svg','\\begin{tikzpicture}\n\\draw[red] (1,1) circle (1);\n\\fill (1,1) circle (1pt);\n\\end{tikzpicture}\n02','đường tròn,','2025-07-11 08:32:54',2),(28,'116896879463870011935_183924110725.svg','\\begin{tikzpicture}[line cap=round,line join=round,font=\\footnotesize,>=stealth,scale=1]\n		\\fill (0,0) coordinate [label=above left:$A$] (A) circle(1pt)\n		(0:4) coordinate [label=below right:$B$] (B) circle(1pt)\n		(-30:3) coordinate [label=below:$C$] (C) circle(1pt)\n		(90:3) coordinate [label=left:$E$] (A\') circle(1pt)\n		($(A)+(C)-(B)$) coordinate [label=below right:$D$] (D) circle(1pt)\n		($(A\')+(B)-(A)$) coordinate [label=below right:$F$] (B\') circle(1pt)\n		($(A\')+(C)-(A)$) coordinate [label=below right:$G$] (C\') circle(1pt)\n		($(A\')+(C\')-(B\')$) coordinate [label=below right:$H$] (D\') circle(1pt);\n		\\draw[thick,dashed,cyan] (C\')--(D\')--(A\')--(B\') (C)--(C\') (C)--(B)--(B\')--(C\') (C)--(D)--(D\');\n		\\draw[dashed,red] (D)--(A)--(B) (A\')--(A);\n	\\end{tikzpicture}','hình không gian,','2025-07-11 11:39:24',6),(31,'111837470933223227528_103105120725.svg','\\definecolor{mautoc}{HTML}{1f1f1f}\n	\\definecolor{mauao}{HTML}{cb3b23}\n	\\definecolor{maumoi}{HTML}{d03b22}\n	\\definecolor{nen}{HTML}{f5ece3}\n	\\definecolor{dom}{HTML}{f5DEB3}\n		\\begin{tikzpicture}[line join=round, line cap=round]\n			% Vẽ nền\n			\\filldraw[nen] (-3.6,-5) rectangle (3.6,5);\n\n			% Khung\n			\\draw[blue] (-3.5,-4.9) rectangle (3.5,4.9);    \n\n			% Vẽ mặt trời đỏ\n			\\filldraw[red] (1.43,1.92) circle (1cm);\n\n			% Vẽ môi\n			\\def\\A{\n				(-.8,-.44)\n				..controls +(160:.25) and +(140:.4)..(-1,-.47) \n				..controls +(-110:.25) and +(-120:.2)..(-.8,-.44)\n			} \n			\\filldraw[mauao] \\A;\n			\\filldraw[scale=1,mauao,xshift=1cm,yshift=.5cm] \\A;\n\n			% Vẽ quanh mèo\n			\\filldraw[mautoc]\n			(-1.8,-4.8)--(-3.4,-4.8)--(-3.4,-3.8) \n			..controls +(65:.2) and +(-91:.3)..(-3.1,-3) \n			..controls +(89:.1) and +(-105:.1)..(-3.03,-2.4)\n			..controls +(68:.5) and +(-65:.5)..(-2.96,-1) \n			..controls +(95:.3) and +(-105:.1)..(-2.88,0) --(-2.62,-.5) --(-2.51,.1) --(-2.3,-.55)\n			..controls +(40:.3) and +(155:.2)..(-1.6,-.48)\n			..controls +(-6:.04) and +(92:.12)..(-1.18,-.6) \n			..controls +(-60:.4) and +(40:.3)..(-1.71,-1.4) \n			..controls +(-140:.6) and +(110:.4)..(-1.4,-2.8)\n			--(-1.28,-4.8)--(-1.62,-4.8)\n			--(-1.75,-4) --(-1.83,-4.6)--(-1.8,-4.8);\n\n			% Vẽ chỉ phân chân, râu mèo\n			\\draw[white,line width=.1pt] (-2.88,0)--(-2.62,-.5)\n			[white!60!gray,line width=.35pt] (-2.16,-4.8)--(-2.4,-4)\n			(-1.5,-.8) ..controls +(-160:.4) and +(45:.6)..(-2.8,-1.7)\n			(-1.6,-.9) ..controls +(-160:.4) and +(60:.6)..(-2.7,-2) \n			(-1.5,-.9) ..controls +(-155:.6) and +(80:.5)..(-2.67,-2.4)\n			(-1.4,-.6) ..controls +(90:.25) and +(10:.4)..(-2.6,1)\n			(-1.45,-.6)..controls +(120:.4) and +(0:.4)..(-3.4,1)\n			(-1.32,-.6)..controls +(120:.4) and +(-40:.4)..(-1.8,.8);\n\n			% Vẽ tròng trắng mèo\n			\\filldraw[white] (-1.77,-.7) circle (4.5pt);\n\n			% Vẽ tròng đen mèo\n			\\filldraw[rotate around={120:(-1.7,-.65)},black] \n			(-1.7,-.65) ellipse[x radius=3pt, y radius=1.5pt];\n\n			% Vẽ đốm mèo\n			\\filldraw[rotate around={120:(-2,-2)},white] \n			(-2,-2) ellipse[x radius=3pt, y radius=2.5pt];\n			\\filldraw[rotate around={-10:(-2.1,-2)},white] \n			(-2.1,-2)  ellipse[x radius=2.5pt, y radius=2.5pt];\n			\\filldraw[rotate around={0:(-2.9,-4.4)},dom] \n			(-2.9,-4.4)  ellipse[x radius=2.5pt, y radius=2.5pt];\n			\\filldraw[rotate around={120:(-3,-4.4)},dom] \n			(-3,-4.4) ellipse[x radius=3.5pt, y radius=2.5pt]; \n\n			% Tên\n			\\node[scale=.5,text=gray] at (1.42,-4.3) {\\rotatebox{0}{\\small GIAO NGUYỄN TƯỜNG}}; \n		\\end{tikzpicture}','nghệ thuật,','2025-07-12 03:31:05',5),(32,'115852900894156127858_132058120725.svg','\\begin{tikzpicture}\n\\draw[red] (1,1) circle (1);\n\\fill (1,1) circle (1pt);\n\\draw (-1,-1)--(2,2);\n\\end{tikzpicture}\n112','hình học phẳng, đường tròn,','2025-07-12 06:20:58',1),(34,'116896879463870011935_222214120725.svg','\\begin{tikzpicture}[line cap=round,line join=round,font=\\footnotesize,>=stealth,scale=1]\n		\\fill (0,0) coordinate [label=above left:$A$] (A) circle(1pt)\n		(0:4) coordinate [label=below right:$B$] (B) circle(1pt)\n		(-30:3) coordinate [label=below:$C$] (C) circle(1pt)\n		(90:3) coordinate [label=left:$E$] (A\') circle(1pt)\n		($(A)+(C)-(B)$) coordinate [label=below right:$D$] (D) circle(1pt)\n		($(A\')+(B)-(A)$) coordinate [label=below right:$F$] (B\') circle(1pt)\n		($(A\')+(C)-(A)$) coordinate [label=below right:$G$] (C\') circle(1pt)\n		($(A\')+(C\')-(B\')$) coordinate [label=below right:$H$] (D\') circle(1pt);\n		\\draw[thick,cyan] (C\')--(D\')--(A\')--(B\') (C)--(C\') (C)--(B)--(B\')--(C\') (C)--(D)--(D\');\n		\\draw[dashed,red] (D)--(A)--(B) (A\')--(A);\n	\\end{tikzpicture}01','hình không gian,','2025-07-12 15:22:15',6),(39,'116826298949961073776_064441140725.svg','\\begin{tikzpicture}[line cap=round,line join=round,font=\\footnotesize,>=stealth,scale=1]\n		\\fill (0,0) coordinate [label=above left:$A$] (A) circle(1pt)\n		(0:4) coordinate [label=below right:$B$] (B) circle(1pt)\n		(-30:3) coordinate [label=below:$C$] (C) circle(1pt)\n		(90:3) coordinate [label=left:$E$] (A\') circle(1pt)\n		($(A)+(C)-(B)$) coordinate [label=below right:$D$] (D) circle(1pt)\n		($(A\')+(B)-(A)$) coordinate [label=below right:$F$] (B\') circle(1pt)\n		($(A\')+(C)-(A)$) coordinate [label=below right:$G$] (C\') circle(1pt)\n		($(A\')+(C\')-(B\')$) coordinate [label=below right:$H$] (D\') circle(1pt);\n		\\draw[thick,cyan] (C\')--(D\')--(A\')--(B\') (C)--(C\') (C)--(B)--(B\')--(C\') (C)--(D)--(D\');\n		\\draw[dashed,red] (D)--(A)--(B) (A\')--(A) (A\')--(C);\n	\\end{tikzpicture}03','hình không gian, LỚP 12','2025-07-13 23:44:41',2),(41,'116896879463870011935_133435140725.svg','\\begin{tikzpicture}\n\\draw[red] (1,1) circle (1);\n\\fill (1,1) circle (1pt);\n\\draw (-1,-1)--(2,2);\n\\end{tikzpicture}\n112','hình học phẳng,','2025-07-14 06:34:36',6),(47,'115852900894156127858_212203200725.svg','\\begin{tikzpicture}\n\\draw[cyan] (1,1) circle (1);\n\\fill (1,1) circle (1pt);\n\\end{tikzpicture}\n05','hình học phẳng,','2025-07-20 14:22:03',1),(48,'115852900894156127858_213036200725.svg','\\begin{tikzpicture}\n\\draw[gray, thick] (-1,2) -- (2,-4);\n\\draw[gray, thick] (-1,-1) -- (2,2);\n\\filldraw[black] (0,0) circle (2pt) node[anchor=west]{Intersection point};\n\\end{tikzpicture}','Học Tikz','2025-07-20 14:30:36',1),(49,'115852900894156127858_213740200725.svg','\\begin{tikzpicture}\n\n\\draw (-2,0) -- (2,0);\n\\filldraw [gray] (0,0) circle (2pt);\n\\draw (-2,-2) .. controls (0,0) .. (2,-2);\n\\draw (-2,2) .. controls (-1,0) and (1,0) .. (2,2);\n\n\\end{tikzpicture}','Học Tikz,','2025-07-20 14:37:41',1),(50,'115852900894156127858_214444200725.svg','\\begin{tikzpicture}\n\\draw[orange, ultra thick] (4,0) -- (6,0) -- (5.7,2) -- cycle;\n\\end{tikzpicture}','Học Tikz,','2025-07-20 14:44:45',1),(51,'115852900894156127858_104500230725.svg','\\begin{tikzpicture}[scale=2,font=\\Large]\n\\coordinate (energy tip) at (0,0.1);\n\\coordinate (voltage waveform tip) at (0,-4.1);\n\\draw[fill=red!20] (energy tip)\n  --++(2,1)--++(-1,0)--++(0,1)--++(-2,0)--++(0,-1)--++(-1,0)--++(2,-1);\n\\draw (energy tip)++(0,1) node {Energy};\n\\draw[fill=blue!20] (-2,-2) rectangle (2,0);\n\\draw (0,-1) node {Sensor};\n\\draw[fill=green!20] (voltage waveform tip)\n  --++(2,1)--++(-1,0)--++(0,1)--++(-2,0)--++(0,-1)--++(-1,0)--++(2,-1);\n\\draw (voltage waveform tip)++(0,1) node[text width=2cm,align=center] {Voltage\\\\waveform};\n\\draw[domain=-3.141:3.141,smooth] plot (\\x,{-5.5+sin(10*\\x r)*cos(7*\\x r)});\n\\end{tikzpicture}','Học Tikz,','2025-07-23 03:45:00',1),(53,'115852900894156127858_114259230725.svg','\\begin{tikzpicture}[domain=-2:2,samples=100,scale=1.0,>=latex]\n\\tikzset{bgrid/.style={help lines,color=blue!10,very thin}}\n\n\\draw[bgrid] (-1.5,-3.5) grid (7.5,3.5);\n\n\\draw[<->, color=black] (-1.5,0) -- (7.5,0) node[right] {$x$};\n\\draw[<->, color=black] (0,-3.5) -- (0,3.5) node[above] {$y$};\n\n\\foreach \\x/\\xtext in {-1,1,2,3,4,5,6,7}\n\\draw (\\x cm,1pt) -- (\\x cm,-1pt) node[anchor=north] {$\\xtext$};\n\n\\foreach \\y/\\ytext in {-3,-2,-1,1,2,3}\n\\draw (1pt,\\y cm) -- (-1pt,\\y cm) node[anchor=east] {$\\ytext$};\n\n\\draw[thick,color=black,domain=0:7.5,smooth]\nplot (\\x,{sqrt(\\x)}) node[anchor=south] {$y = \\sqrt{x}$};\n\\draw[dashed,color=black,domain=0:7.5,smooth]\nplot (\\x,{(-1)*(sqrt(\\x))}) node[anchor=north] {$y = -\\sqrt{x}$};\n\\draw[thick,color=black,domain=-1.5:5.5,samples=3]\nplot (\\x,{(\\x)-2}) node[anchor=south] {$y = x - 2$};\n\n\\filldraw[black] (4,2) circle(2pt) node[anchor=south east] {$(4, 2)$};\n\\filldraw[red] (1,-1) circle(2pt);\n\\draw[red] (1.5,-1) node[anchor=west] {$(1, -1)$};\n\n\\end{tikzpicture}','Học Tikz,','2025-07-23 04:42:59',1),(57,'116896879463870011935_230700250725.svg','\\begin{tikzpicture}\n\n\\draw (-2,0) -- (2,0);\n\\filldraw [red] (0,0) circle (2pt);\n\\draw (-2,-2) .. controls (0,0) .. (2,-2);\n\\draw (-2,2) .. controls (-1,0) and (1,0) .. (2,2);\n\n\\end{tikzpicture}','Học Tikz,','2025-07-25 16:07:00',6),(60,'111837470933223227528_220905310725.svg','\\begin{tikzpicture}\n\n\\draw (-2,0) -- (2,0);\n\\filldraw [red] (0,0) circle (4pt);\n\\draw (-2,-2) .. controls (0,0) .. (2,-2);\n\\draw (-2,2) .. controls (-1,0) and (1,0) .. (2,2);\n\n\\end{tikzpicture}','hình học phẳng,','2025-07-31 15:09:05',5),(61,'anonymous_073547010825.svg','\\begin{tikzpicture}\n\\draw[red] (1,1) circle (1);\n\\fill (1,1) circle (1pt);\n\\end{tikzpicture}\n02','Học Tikz,','2025-08-01 00:35:48',5),(62,'anonymous_124132030825.svg','\\begin{tikzpicture}[scale=0.5,yscale=-1]\n\\draw (18.2,-31.8) .. controls +(149:0.7) and +(-40.3:0.4) .. (17.1,-31.0) -- (16.9,-30.8) -- (16.7,-31.0) .. controls +(-135:0.7) and +(-11.8:1.0) .. (14.6,-31.5) .. controls +(168:1.1) and +(-26.2:1.1) .. (11.7,-30.5) .. controls +(154:0.4) and +(-12.7:0.2) .. (10.8,-30.1) .. controls +(167:0.8) and +(-54.8:0.7) .. (9.0,-29.0) -- (8.8,-28.7) -- (8.4,-28.6) .. controls +(162:0.7) and +(-43:0.5) .. (7.1,-27.8) .. controls +(137:0.9) and +(-82.5:0.9) .. (6.0,-25.8) .. controls +(97.5:0.4) and +(-95.8:0.3) .. (6.0,-24.9) -- (6.1,-24.5) -- (5.6,-23.8) .. controls +(119:1.5) and +(-59.9:0.6) .. (3.9,-20.8) -- (3.6,-20.3) -- (3.6,-19.8) .. controls +(90:1.3) and +(-116:1.3) .. (4.6,-15.7) -- (4.8,-15.2) -- (4.7,-14.8) .. controls +(105:0.7) and +(-79.2:0.6) .. (4.2,-12.5) .. controls +(100:0.5) and +(-119:0.1) .. (4.1,-11.9) .. controls +(62:0.2) and +(-134:0.3) .. (4.8,-10.9) -- (5.0,-10.8) -- (5.0,-10.4) .. controls +(97.1:0.4) and +(-80.3:1.1) .. (4.6,-8.5) .. controls +(99.9:0.7) and +(-40.4:0.2) .. (4.4,-7.7) .. controls +(140:0.6) and +(-23.5:1.7) .. (1.9,-6.4) .. controls +(157:0.7) and +(-159:0.1) .. (1.2,-6.0) .. controls +(18.4:0.0) and +(153:0.1) .. (1.4,-6.0) .. controls +(-27.5:0.1) and +(156:0.5) .. (2.4,-6.4) .. controls +(-23.8:1.2) and +(142:0.5) .. (4.4,-7.5) .. controls +(-38.9:0.1) and +(-150:0.0) .. (4.5,-7.6) .. controls +(31.4:0.0) and +(-99.4:0.1) .. (4.6,-7.4) .. controls +(80.3:0.1) and +(-116:0.2) .. (4.8,-6.9) .. controls +(64.4:0.3) and +(-135:0.4) .. (5.3,-6.2) .. controls +(46.3:0.2) and +(-51.8:0.0) .. (5.6,-5.9) .. controls +(126:0.0) and +(0:0.1) .. (5.4,-5.9) .. controls +(180:0.3) and +(-8.9:0.5) .. (3.5,-5.7) .. controls +(171:1.1) and +(-78.7:0.1) .. (1.2,-5.1) .. controls +(97.7:0.1) and +(166:0.4) .. (1.7,-5.2) .. controls +(-14.6:1.2) and +(176:1.5) .. (5.5,-5.8) .. controls +(-4.2:0.2) and +(90:0.0) .. (5.8,-5.8) .. controls +(-90:0.0) and +(39.2:0.2) .. (5.6,-6.1) .. controls +(-141:0.6) and +(75.7:0.5) .. (4.7,-7.4) .. controls +(-104:0.3) and +(100:0.9) .. (4.8,-8.7) .. controls +(-79.6:0.7) and +(90:0.1) .. (5.1,-10.6) .. controls +(-90:0.1) and +(108:0.2) .. (5.2,-11.1) .. controls +(-71.1:0.2) and +(107:0.3) .. (5.5,-12.0) .. controls +(-72.5:0.3) and +(113:0.2) .. (5.8,-12.9) .. controls +(-67.3:0.3) and +(94.4:0.7) .. (6.0,-13.9) .. controls +(-85.3:1.5) and +(101:1.3) .. (6.5,-17.6) .. controls +(-78.9:1.5) and +(120:0.7) .. (7.3,-20.3) .. controls +(-60.3:2.5) and +(143:2.4) .. (11.7,-25.3) .. controls +(-36.8:0.8) and +(172:0.7) .. (13.1,-25.8) .. controls +(-8.4:1.3) and +(-162:0.9) .. (16.3,-25.7) .. controls +(17.9:0.2) and +(-154:0.1) .. (16.7,-25.5) .. controls +(25.8:0.2) and +(90:0.1) .. (17.0,-25.5) .. controls +(-90:0.0) and +(35.4:0.1) .. (16.9,-25.6) .. controls +(-146:0.1) and +(33.9:0.1) .. (16.5,-25.8) .. controls +(-147:0.7) and +(7.3:1.0) .. (14.1,-26.6) .. controls +(-173:0.5) and +(-7.0:0.5) .. (11.7,-26.6) .. controls +(173:0.8) and +(-37.1:1.6) .. (8.2,-24.8) .. controls +(143:0.8) and +(-42.7:0.6) .. (6.2,-23.2) .. controls +(137:0.2) and +(-65.9:0.5) .. (5.4,-21.9) .. controls +(114:1.6) and +(-90:1.3) .. (4.6,-18.4) .. controls +(90:1) and +(122:0.2) .. (4.9,-16.4) .. controls +(-58.6:0.0) and +(92.1:0.3) .. (4.9,-17.0) .. controls +(-87.8:1.6) and +(106:1.3) .. (5.5,-21.2) .. controls +(-74:0.7) and +(133:0.1) .. (6.2,-23.1) .. controls +(-48.8:0.1) and +(140:1.0) .. (7.2,-24.0) .. controls +(-40:1.8) and +(158:1.3) .. (11.0,-26.4) .. controls +(-21.8:0.5) and +(-178:1.0) .. (13.2,-26.6) .. controls +(1.7:1.1) and +(-157:0.8) .. (15.9,-26.1) .. controls +(23.6:0.4) and +(15:0.2) .. (16.2,-25.9) .. controls +(-165:0.9) and +(-11.1:1.3) .. (12.6,-25.9) .. controls +(168:0.3) and +(-37.4:1.0) .. (11.4,-25.2) .. controls +(143:2.0) and +(-58.3:2.0) .. (7.6,-21.0) .. controls +(122:1.3) and +(-77.5:1.4) .. (6.5,-18.3) .. controls +(102:1.6) and +(-85.5:1.6) .. (5.9,-14.0) .. controls +(94.5:0.7) and +(-68:0.4) .. (5.7,-12.8) .. controls +(112:0.2) and +(-72.9:0.4) .. (5.3,-11.8) .. controls +(107:0.4) and +(-53.8:0.0) .. (5.1,-11.0) .. controls +(130:0.1) and +(52.9:0.6) .. (4.5,-11.5) -- (4.2,-11.9) -- (4.3,-12.3) .. controls +(-80.2:0.6) and +(105:0.7) .. (4.7,-14.5) .. controls +(-74.8:0.3) and +(97.7:0.1) .. (4.9,-15.1) .. controls +(-79.9:0.1) and +(62.9:0.3) .. (4.7,-15.6) .. controls +(-117:1.2) and +(87.6:1.5) .. (3.8,-19.7) -- (3.7,-20.2) -- (3.9,-20.4) .. controls +(-56.9:0.2) and +(119:0.6) .. (4.9,-22.2) .. controls +(-60.8:1.9) and +(123:0.4) .. (7.1,-26.1) .. controls +(-56.9:0.4) and +(132:0.5) .. (8.2,-27.5) .. controls +(-48.9:0.4) and +(162:0.4) .. (8.8,-27.9) .. controls +(-18.1:0.8) and +(172:0.9) .. (11.4,-28.5) .. controls +(-7.6:0.7) and +(-163:0.5) .. (12.6,-28.5) .. controls +(16.2:1.8) and +(-135:1.4) .. (16.8,-26.1) .. controls +(45:0.3) and +(180:0.0) .. (17.2,-25.7) .. controls +(0:0.0) and +(145:0.1) .. (17.4,-25.9) .. controls +(-33.9:0.4) and +(163:0.4) .. (18.4,-26.4) .. controls +(-16.5:0.3) and +(180:0.4) .. (19.2,-26.5) .. controls +(-0.6:0.4) and +(-167:0.2) .. (20.0,-26.4) .. controls +(13.8:0.9) and +(-143:1.6) .. (22.9,-24.8) .. controls +(36.7:1.2) and +(-123:1.1) .. (25.2,-22.4) .. controls +(57.8:0.5) and +(-119:1.3) .. (26.1,-20.8) .. controls +(60.9:1.4) and +(-127:1.1) .. (28.2,-17.6) .. controls +(53:0.4) and +(-108:0.0) .. (28.6,-17.0) .. controls +(78.1:0.1) and +(-88.5:0.4) .. (28.6,-16.2) .. controls +(91.5:0.6) and +(-79.9:0.4) .. (28.5,-14.9) .. controls +(100:0.3) and +(-135:0.0) .. (28.4,-14.4) .. controls +(45.5:0.1) and +(100:0.5) .. (28.6,-14.8) .. controls +(-79.2:0.8) and +(85.8:0.7) .. (28.7,-17.0) .. controls +(-94.3:0.7) and +(76.6:0.7) .. (28.5,-18.6) .. controls +(-103:0.3) and +(76.6:0.2) .. (28.3,-19.5) .. controls +(-103:0.2) and +(76.2:0.3) .. (28.1,-20.4) .. controls +(-103:0.3) and +(76.6:0.3) .. (27.8,-21.5) .. controls +(-104:1.9) and +(72:0.8) .. (26.9,-24.7) .. controls +(-108:1.3) and +(60.5:1.2) .. (25.4,-28.2) .. controls +(-119:0.3) and +(24.7:0.3) .. (25.0,-28.6) .. controls +(-155:0.5) and +(78.2:0.4) .. (24.4,-29.3) .. controls +(-103:0.1) and +(10.9:0.5) .. (23.8,-29.6) .. controls +(-169:0.5) and +(43.4:0.4) .. (23.0,-29.9) .. controls +(-137:2.1) and +(2.1:1.2) .. (19.1,-32.0) -- (18.7,-32.1) -- (18.2,-31.8) -- cycle (19.8,-31.8) .. controls +(13.2:0.7) and +(-143:1.0) .. (21.9,-30.8) .. controls +(37.1:0.5) and +(-107:0.1) .. (23.0,-29.7) .. controls +(69.4:0.0) and +(8.0:0.4) .. (22.6,-29.8) .. controls +(-171:0.2) and +(1.4:0.5) .. (21.4,-29.8) -- (20.6,-29.9) -- (20.1,-29.8) .. controls +(166:1.2) and +(-44.1:1.0) .. (17.3,-28.3) -- (17.1,-28.1) -- (16.9,-28.3) .. controls +(-138:1.4) and +(15.3:1.5) .. (13.3,-30.2) .. controls +(-165:0.3) and +(-1.4:0.6) .. (12.3,-30.3) .. controls +(179:0.4) and +(90:0.0) .. (11.6,-30.3) .. controls +(-90:0.0) and +(157:0.4) .. (12.5,-30.7) .. controls +(-22.1:0.7) and +(167:0.8) .. (14.4,-31.3) .. controls +(-13.1:1.0) and +(-133:0.7) .. (16.6,-30.9) .. controls +(46.6:0.3) and +(-109:0.4) .. (17.0,-30.2) .. controls +(70.7:0.2) and +(90:0.2) .. (17.2,-30.0) .. controls +(-90:0.0) and +(68.2:0.2) .. (17.1,-30.4) -- (17.0,-30.7) -- (17.2,-30.9) .. controls +(-42.6:0.3) and +(149:0.8) .. (18.2,-31.6) -- (18.8,-32.0) -- (19.1,-31.9) .. controls +(3.2:0.2) and +(-165:0.2) .. (19.8,-31.8) -- cycle (13.8,-29.9) .. controls +(18.4:1.4) and +(-137:1.3) .. (16.9,-28.1) .. controls +(43.8:0.4) and +(80:0.1) .. (17.3,-28.0) .. controls +(-101:0.2) and +(155:0.7) .. (18.8,-29.2) .. controls +(-24.9:0.4) and +(165:0.5) .. (20.1,-29.6) .. controls +(-15.7:0.4) and +(-179:0.7) .. (21.2,-29.7) .. controls +(0.6:1.0) and +(-168:1.0) .. (23.8,-29.4) -- (24.2,-29.4) -- (24.2,-29.2) .. controls +(73.7:0.4) and +(-156:0.5) .. (24.9,-28.5) .. controls +(24.5:0.3) and +(-119:0.4) .. (25.4,-28.0) .. controls +(61:0.6) and +(-112:0.7) .. (26.4,-25.9) .. controls +(68.5:0.9) and +(-104:1.5) .. (27.4,-22.6) .. controls +(76:1.1) and +(-103:1.2) .. (28.1,-19.8) .. controls +(76.5:0.2) and +(-104:0.3) .. (28.3,-18.9) .. controls +(76.4:0.3) and +(-57.5:0.0) .. (28.4,-18.4) .. controls +(140:0.0) and +(67.4:0.7) .. (27.6,-20.0) .. controls +(-112:0.7) and +(74.1:0.9) .. (26.9,-22.3) .. controls +(-106:1.9) and +(32.7:1.5) .. (24.5,-25.9) .. controls +(-147:0.2) and +(38.1:0.2) .. (23.9,-26.3) .. controls +(-142:1.1) and +(4.3:0.7) .. (21.2,-27.5) .. controls +(-176:0.1) and +(14.5:0.2) .. (20.5,-27.6) .. controls +(-165:1.3) and +(-28.3:0.9) .. (17.5,-27.5) -- (17.3,-27.4) -- (17.1,-27.5) .. controls +(-131:0.5) and +(26.4:0.7) .. (15.6,-28.7) .. controls +(-153:0.6) and +(15.1:0.6) .. (14.0,-29.3) .. controls +(-166:0.4) and +(0:0.4) .. (13.1,-29.4) .. controls +(180:0.7) and +(-13:1.0) .. (9.9,-29.0) .. controls +(167:0.2) and +(143:0.1) .. (9.7,-29.0) .. controls +(-45:0.0) and +(141:0.1) .. (9.9,-29.1) .. controls +(-39.8:0.3) and +(149:0.3) .. (11.1,-30.0) .. controls +(-31.7:0.2) and +(175:0.3) .. (11.6,-30.1) .. controls +(-5.8:0.2) and +(-179:0.3) .. (12.5,-30.2) -- (13.2,-30.2) -- (13.8,-29.9) -- cycle (10.8,-30.0) .. controls +(90:0.0) and +(-34.4:0.2) .. (10.5,-29.8) .. controls +(146:0.2) and +(-38.7:0.3) .. (9.8,-29.2) .. controls +(141:0.3) and +(-33.7:0.0) .. (9.3,-28.8) .. controls +(146:0.1) and +(90:0.0) .. (9.1,-28.8) .. controls +(-90:0.1) and +(139:0.3) .. (9.6,-29.4) .. controls +(-39.9:0.3) and +(161:0.4) .. (10.5,-29.9) .. controls +(-20.2:0.3) and +(-90:0.0) .. (10.8,-30.0) -- cycle (13.9,-29.2) .. controls +(14.8:1.4) and +(-134:1.0) .. (17.0,-27.6) .. controls +(46.2:0.2) and +(180:0.0) .. (17.3,-27.3) .. controls +(0:0.0) and +(148:0.1) .. (17.5,-27.3) .. controls +(-31.6:0.7) and +(-171:0.9) .. (19.8,-27.7) .. controls +(9.0:0.7) and +(-3.1:0.7) .. (19.7,-27.5) .. controls +(177:0.7) and +(-34.8:0.6) .. (17.8,-26.9) .. controls +(146:0.2) and +(-55.1:0.2) .. (17.2,-26.2) -- (17.1,-26.1) -- (16.7,-26.4) .. controls +(-138:1.5) and +(16.3:1.7) .. (12.6,-28.6) .. controls +(-163:0.4) and +(-4.2:0.3) .. (11.9,-28.7) .. controls +(176:0.8) and +(-16.2:1.0) .. (9.1,-28.1) .. controls +(163:0.2) and +(53.7:0.0) .. (8.7,-28.0) .. controls +(-135:0.0) and +(137:0.1) .. (8.9,-28.2) .. controls +(-42.9:0.1) and +(136:0.1) .. (9.2,-28.6) .. controls +(-44.3:0.2) and +(167:0.6) .. (9.9,-28.8) .. controls +(-12.8:0.6) and +(173:0.7) .. (11.9,-29.2) .. controls +(-7.6:0.6) and +(179:0.5) .. (13.1,-29.3) .. controls +(-1.0:0.4) and +(-165:0.4) .. (13.9,-29.2) -- cycle (8.7,-28.3) .. controls +(135:0.5) and +(-20.3:0.3) .. (8.1,-27.8) .. controls +(159:0.5) and +(-44.8:0.2) .. (6.8,-27.1) .. controls +(135:0.2) and +(-71.3:0.3) .. (6.3,-26.4) .. controls +(109:0.3) and +(-94.4:0.4) .. (6.2,-25.2) .. controls +(86:0.3) and +(32.5:0.1) .. (6.2,-24.8) .. controls +(-148:0.1) and +(102:0.4) .. (6.2,-26.1) .. controls +(-77.4:0.7) and +(140:0.7) .. (7.3,-27.8) .. controls +(-40.6:0.4) and +(162:0.6) .. (8.4,-28.4) .. controls +(-17.8:0.2) and +(159:0.0) .. (8.9,-28.6) .. controls +(-17.6:0.2) and +(-45.1:0.5) .. (8.7,-28.3) -- cycle (8.1,-27.6) .. controls +(132:0.3) and +(-54.5:0.4) .. (7.3,-26.6) .. controls +(125:0.4) and +(-90:0.0) .. (6.7,-25.6) .. controls +(90:0.0) and +(-58.4:0.2) .. (6.5,-25.3) -- (6.3,-25.1) -- (6.3,-25.5) .. controls +(-90:0.5) and +(115:0.3) .. (6.5,-26.5) .. controls +(-65.4:0.4) and +(149:0.3) .. (7.1,-27.2) .. controls +(-31.2:0.3) and +(180:0.1) .. (8.1,-27.7) .. controls +(-2.5:0.1) and +(-46.5:0.1) .. (8.1,-27.6) -- cycle (21.4,-27.4) .. controls +(11.2:0.8) and +(-143:1.0) .. (23.9,-26.2) .. controls +(38.2:0.2) and +(-146:0.2) .. (24.5,-25.7) .. controls +(33.5:0.8) and +(-123:0.6) .. (25.8,-24.4) .. controls +(56.5:0.7) and +(-106:1.5) .. (26.9,-21.8) .. controls +(74.1:1.2) and +(-116:1.5) .. (28.2,-18.5) .. controls +(64.5:0.5) and +(-98.9:0.1) .. (28.5,-17.6) .. controls +(82.7:0.1) and +(-53.7:0.0) .. (28.6,-17.4) .. controls +(119:0.0) and +(56.2:0.8) .. (27.5,-18.8) .. controls +(-124:0.7) and +(61.6:0.5) .. (26.3,-20.7) .. controls +(-118:2.2) and +(44.9:1.1) .. (24.1,-24.0) .. controls +(-135:1.4) and +(19.5:1.0) .. (20.6,-26.4) .. controls +(-161:0.6) and +(-1.7:0.6) .. (19.2,-26.6) .. controls +(178:0.5) and +(-18.8:0.3) .. (18.3,-26.4) .. controls +(161:0.3) and +(-32.9:0.4) .. (17.3,-26.0) .. controls +(148:0.3) and +(132:0.4) .. (17.4,-26.4) .. controls +(-48:1.0) and +(-178:1.5) .. (20.7,-27.4) .. controls +(2.2:0.3) and +(-167:0.1) .. (21.4,-27.4) -- cycle (5.7,-21.9) .. controls +(109:1.0) and +(-82.3:0.9) .. (5.0,-19.1) .. controls +(97.6:0.5) and +(-89.2:0.3) .. (4.8,-17.4) .. controls +(90:0.2) and +(48.3:0.0) .. (4.8,-17.2) .. controls +(-135:0.1) and +(90:0.8) .. (4.7,-18.3) .. controls +(-90:0.9) and +(101:0.3) .. (4.8,-19.7) .. controls +(-78.9:0.6) and +(112:0.5) .. (5.2,-21.2) .. controls +(-68.5:0.3) and +(-137:0.0) .. (5.7,-22.3) .. controls +(45:0.0) and +(-71.9:0.2) .. (5.7,-21.9) -- cycle;\n\\draw (14.7,-25.2) .. controls +(170:0.5) and +(-21.3:0.6) .. (12.9,-24.7) .. controls +(159:0.2) and +(-54.5:1.6) .. (10.7,-21.9) .. controls +(126:0.4) and +(-54:0.6) .. (9.6,-20.4) .. controls +(126:1.3) and +(-63.1:0.9) .. (8.3,-18.3) .. controls +(117:1.7) and +(-79:1.6) .. (6.6,-13.5) .. controls +(101:0.6) and +(-99.4:0.4) .. (6.5,-12.5) .. controls +(80.5:0.3) and +(-98.7:0.9) .. (6.8,-10.8) .. controls +(81.3:0.6) and +(-96.9:0.2) .. (7.2,-8.0) .. controls +(84.3:0.1) and +(-97.8:0.1) .. (7.3,-7.6) .. controls +(81.8:0.1) and +(-92.7:0.5) .. (7.3,-6.5) .. controls +(87.4:1.0) and +(-103:0.6) .. (7.6,-4.1) .. controls +(77.6:0.2) and +(-90:0.0) .. (7.7,-3.7) .. controls +(90:0.1) and +(51.2:0.9) .. (6.5,-5.0) .. controls +(-128:0.4) and +(72.2:0.6) .. (6.0,-5.9) .. controls +(-108:0.3) and +(72.2:0.2) .. (5.7,-6.9) -- (5.6,-7.3) -- (5.6,-7.7) .. controls +(-84.4:0.2) and +(98.9:0.1) .. (5.7,-8.3) .. controls +(-83.6:0.3) and +(87.1:0.2) .. (5.8,-10.2) .. controls +(-93.5:0.1) and +(17.7:0.0) .. (5.7,-10.4) .. controls +(-164:0.0) and +(-88.3:0.5) .. (5.6,-9.8) .. controls +(92.1:0.8) and +(-82.3:0.4) .. (5.5,-7.7) .. controls +(97.1:0.2) and +(-105:0.1) .. (5.5,-7.2) .. controls +(75.6:0.4) and +(-136:0.1) .. (6.2,-5.2) .. controls +(45:0.1) and +(-0.9:1.2) .. (4.9,-5.2) .. controls +(179:1.5) and +(-12.2:1.4) .. (1.5,-4.8) .. controls +(167:0.5) and +(-177:0.6) .. (1.7,-4.6) .. controls +(3.0:0.8) and +(-152:0.2) .. (4.4,-4.2) .. controls +(28.6:0.2) and +(-138:0.6) .. (7.1,-2.0) .. controls +(42.6:0.9) and +(-139:0.7) .. (8.8,-0.5) .. controls +(40.9:0.4) and +(-139:0.5) .. (10.1,0.6) .. controls +(41.5:0.5) and +(156:0.0) .. (10.8,1.3) .. controls +(-21.4:0.1) and +(41.1:0.7) .. (10.3,0.7) .. controls +(-139:0.4) and +(41.5:0.1) .. (9.7,0.1) .. controls +(-138:0.1) and +(41.5:0.6) .. (8.7,-0.7) .. controls +(-139:0.6) and +(42.6:0.3) .. (7.4,-1.9) .. controls +(-138:0.8) and +(38.5:1.2) .. (5.3,-3.6) .. controls +(-142:0.6) and +(32.5:0.0) .. (4.4,-4.3) .. controls +(-148:0.1) and +(0:0.3) .. (1.8,-4.7) .. controls +(180:0.0) and +(135:0.0) .. (1.8,-4.7) .. controls +(-43.1:0.1) and +(176:0.5) .. (3.7,-5.0) .. controls +(-4.0:0.3) and +(-157:0.3) .. (4.3,-4.9) .. controls +(22.4:0.6) and +(-146:1.1) .. (6.5,-3.6) .. controls +(34.3:0.4) and +(-136:0.9) .. (7.8,-2.5) .. controls +(43.9:0.7) and +(-137:0.2) .. (8.9,-1.5) .. controls +(43.5:0.2) and +(-130:0.2) .. (9.4,-0.9) .. controls +(51.1:0.2) and +(-132:0.2) .. (9.9,-0.3) .. controls +(47.5:0.2) and +(113:0.1) .. (10.1,-0.1) .. controls +(-67.8:0.0) and +(46.7:0.2) .. (10.0,-0.4) .. controls +(-133:0.4) and +(54.4:0.5) .. (9.0,-1.7) .. controls +(-126:0.7) and +(72.4:0.4) .. (7.8,-3.7) .. controls +(-108:0.6) and +(87.3:1.3) .. (7.4,-6.6) .. controls +(-92.7:0.5) and +(74.6:0.0) .. (7.4,-7.5) .. controls +(-101:0.0) and +(83.4:0.3) .. (7.3,-8.1) .. controls +(-96.8:0.5) and +(81.2:1.4) .. (6.8,-11.4) .. controls +(-98.8:0.5) and +(81.6:0.2) .. (6.7,-12.6) .. controls +(-99:0.4) and +(102:0.9) .. (6.8,-13.8) .. controls +(-78.3:1.4) and +(116:1.5) .. (8.3,-18.1) .. controls +(-63.7:0.8) and +(126:0.7) .. (9.3,-19.8) .. controls +(-53.3:0.3) and +(126:0.7) .. (10.4,-21.2) .. controls +(-54.4:2.0) and +(138:0.4) .. (12.9,-24.6) .. controls +(-42.2:0.1) and +(166:0.4) .. (14.2,-25.0) .. controls +(-13.6:1.0) and +(-157:0.5) .. (16.5,-25.0) .. controls +(21.9:0.2) and +(-9.8:0.7) .. (16.0,-24.9) .. controls +(170:0.9) and +(-25.2:0.8) .. (13.7,-24.2) .. controls +(154:0.7) and +(-53.6:0.4) .. (12.7,-23.4) .. controls +(126:1.7) and +(-68:2.1) .. (9.9,-18.2) .. controls +(112:1.0) and +(-83.2:0.4) .. (9.3,-16.5) .. controls +(96.8:0.2) and +(-70:0.0) .. (9.2,-16.1) .. controls +(122:0.0) and +(-84.5:0.3) .. (9.2,-15.5) .. controls +(94.9:0.3) and +(-79.5:0.1) .. (9.1,-14.6) .. controls +(101:0.2) and +(-84.1:0.8) .. (8.9,-13.3) .. controls +(95.9:1.6) and +(-92.3:1.5) .. (8.7,-8.5) -- (8.8,-7.4) -- (8.9,-6.9) .. controls +(72.3:0.3) and +(-107:0.5) .. (9.4,-5.5) .. controls +(72.6:0.6) and +(-108:0.3) .. (9.9,-4.0) .. controls +(71.7:0.3) and +(-107:0.1) .. (10.1,-3.2) .. controls +(73.2:0.6) and +(-111:0.1) .. (10.7,-1.2) .. controls +(69.4:0.2) and +(-102:0.4) .. (11.0,-0.2) .. controls +(77.9:0.2) and +(-104:0.1) .. (11.1,0.4) .. controls +(73.7:0.1) and +(-106:0.2) .. (11.3,0.9) .. controls +(74.5:0.5) and +(-114:0.6) .. (11.9,2.6) .. controls +(66.4:0.6) and +(-134:0.1) .. (12.7,4.2) .. controls +(46.1:0.2) and +(63.7:0.7) .. (12.4,3.5) .. controls +(-116:1.6) and +(77.4:1.4) .. (11.1,-0.2) .. controls +(-103:0.3) and +(72.7:0.5) .. (10.7,-1.7) .. controls +(-107:2.0) and +(72.2:0.7) .. (9.5,-5.6) .. controls +(-108:0.3) and +(74.2:0.1) .. (9.3,-6.3) .. controls +(-106:0.1) and +(71.3:0.3) .. (9.0,-7.0) -- (8.9,-7.5) -- (8.9,-9.6) .. controls +(-90:1.4) and +(96:0.2) .. (8.9,-12.1) .. controls +(-83.3:0.2) and +(93.8:0.2) .. (9.0,-12.9) .. controls +(-86.6:0.4) and +(-90:0.5) .. (9.1,-12.9) .. controls +(90:0.6) and +(-105:0.7) .. (9.4,-10.4) .. controls +(74.8:0.3) and +(-120:0.4) .. (9.7,-9.7) .. controls +(59.2:0.2) and +(-119:0.1) .. (10.0,-9.2) .. controls +(61.4:0.1) and +(-120:0.6) .. (10.6,-8.1) .. controls +(60.2:0.6) and +(-120:0.3) .. (11.4,-6.7) .. controls +(60.5:0.3) and +(-121:0.1) .. (11.8,-6.0) .. controls +(60.3:1.5) and +(-108:0.5) .. (13.3,-2.9) .. controls +(71.8:0.7) and +(-91.7:0.7) .. (13.7,-1.0) .. controls +(88.2:0.8) and +(-75.1:0.9) .. (13.4,1.3) -- (13.2,1.9) -- (13.2,2.8) .. controls +(89.6:1.1) and +(180:0.1) .. (13.3,4.2) .. controls +(0:0.0) and +(114:0.1) .. (13.5,4.0) .. controls +(-67.2:0.1) and +(114:0.1) .. (13.6,3.7) .. controls +(-65.9:1.2) and +(94.1:0.9) .. (14.4,0.7) .. controls +(-85.9:0.9) and +(77.6:0.5) .. (14.4,-1.1) .. controls +(-103:1.2) and +(66.9:1.8) .. (13.0,-5.1) .. controls +(-113:1.4) and +(83.5:1.5) .. (11.9,-9.4) .. controls +(-95.9:0.3) and +(80.5:0.1) .. (11.8,-10.1) .. controls +(-98.7:0.1) and +(-101:0.1) .. (11.9,-10.1) .. controls +(78.1:0.5) and +(-129:0.7) .. (12.6,-8.7) .. controls +(50.9:0.3) and +(-23.2:0.0) .. (12.9,-8.3) .. controls +(135:0.0) and +(-27.6:0.1) .. (12.7,-8.3) .. controls +(155:0.1) and +(-35.7:0.1) .. (12.4,-8.1) .. controls +(147:0.2) and +(-90:0.1) .. (12.2,-7.8) .. controls +(90:0.2) and +(-175:0.3) .. (12.8,-7.4) .. controls +(5.4:0.2) and +(-59.7:0.2) .. (12.9,-7.2) .. controls +(120:0.2) and +(-109:0.3) .. (12.9,-6.6) .. controls +(71.7:0.3) and +(-120:1.0) .. (13.9,-4.5) .. controls +(60.4:1.3) and +(-115:0.9) .. (15.8,-1.0) .. controls +(65.3:0.5) and +(-95.1:0.5) .. (16.0,-0.0) .. controls +(84.7:0.6) and +(-80.9:0.5) .. (16.0,2.1) .. controls +(99.7:0.5) and +(-66.8:0.5) .. (15.5,3.7) .. controls +(113:0.4) and +(161:0.1) .. (15.4,4.2) .. controls +(-19:0.1) and +(105:0.6) .. (16.0,2.7) .. controls +(-74.9:0.7) and +(90:1.0) .. (16.2,0.8) .. controls +(-90:0.5) and +(180:0.0) .. (16.2,-0.1) .. controls +(0:0.0) and +(-116:0.1) .. (16.3,0.1) .. controls +(67.8:0.1) and +(-113:0.1) .. (16.4,0.4) .. controls +(65.2:0.2) and +(-92:0.5) .. (16.5,1.2) .. controls +(87.8:1.1) and +(-73.2:0.7) .. (16.3,3.8) .. controls +(107:0.3) and +(163:0.1) .. (16.2,4.2) .. controls +(-18.4:0.1) and +(95.9:0.7) .. (16.6,2.5) .. controls +(-84.4:0.3) and +(88.1:0.5) .. (16.6,1.4) .. controls +(-91.7:0.7) and +(67.4:0.3) .. (16.5,0.3) .. controls +(-113:0.9) and +(61.5:0.9) .. (14.9,-3.0) .. controls +(-119:0.2) and +(90:0.0) .. (14.7,-3.4) .. controls +(-90:0.1) and +(-163:0.2) .. (15.2,-3.4) .. controls +(16.7:0.1) and +(-148:0.1) .. (15.6,-3.2) .. controls +(31:0.4) and +(-133:0.6) .. (17.1,-1.9) .. controls +(46.3:0.6) and +(-111:0.5) .. (17.7,-1.1) .. controls +(68.2:1.2) and +(-100:1.1) .. (18.6,2.1) .. controls +(79.5:0.2) and +(-91.7:0.6) .. (18.7,3.3) .. controls +(88.4:0.6) and +(-162:0.0) .. (18.8,4.2) .. controls +(13.6:0.1) and +(86.5:0.6) .. (18.8,3.0) .. controls +(-93.7:0.7) and +(75.3:0.8) .. (18.5,1.0) .. controls +(-105:0.3) and +(135:0.0) .. (18.4,0.4) .. controls +(-45:0.0) and +(-116:0.3) .. (18.7,0.9) .. controls +(64.2:0.8) and +(-101:1.2) .. (19.5,3.7) .. controls +(78.9:0.3) and +(-133:0.0) .. (19.6,4.2) .. controls +(44.6:0.1) and +(78.2:0.5) .. (19.6,3.6) .. controls +(-102:1.4) and +(63.6:1.1) .. (18.6,0.6) .. controls +(-116:1.1) and +(90:0.0) .. (17.8,-1.1) .. controls +(-90:0.1) and +(-121:0.9) .. (18.9,0.5) .. controls +(58.8:0.6) and +(-115:0.9) .. (19.9,2.4) .. controls +(64.9:0.5) and +(-129:0.1) .. (20.7,3.9) .. controls +(52.8:0.0) and +(133:0.0) .. (20.8,3.9) .. controls +(-45:0.0) and +(61.7:0.3) .. (20.6,3.4) .. controls +(-119:0.5) and +(90:0.0) .. (19.9,2.0) .. controls +(-90:0.1) and +(59.1:0.5) .. (19.1,0.5) .. controls +(-121:0.8) and +(50.8:0.7) .. (17.8,-1.3) .. controls +(-129:0.8) and +(38.5:0.7) .. (16.4,-2.7) .. controls +(-141:0.6) and +(175:0.1) .. (16.1,-3.1) .. controls +(-5.0:0.1) and +(-171:0.8) .. (17.2,-3.0) .. controls +(9.3:1.1) and +(170:0.2) .. (19.0,-2.8) .. controls +(-10.6:0.1) and +(-120:0.0) .. (19.2,-2.8) .. controls +(29.7:0.0) and +(-120:0.2) .. (19.4,-2.4) .. controls +(60.6:1.2) and +(-102:1.0) .. (20.7,0.9) .. controls +(78.7:0.6) and +(-98.6:0.8) .. (21.1,3.2) .. controls +(81:0.9) and +(-161:0.1) .. (21.3,4.1) .. controls +(17:0.1) and +(81:0.8) .. (21.2,3.3) .. controls +(-99.1:1.4) and +(72.8:0.5) .. (20.6,0.1) .. controls +(-107:0.9) and +(61.3:0.9) .. (19.6,-2.4) .. controls +(-119:0.2) and +(90:0.0) .. (19.4,-2.8) .. controls +(-90:0.0) and +(167:0.3) .. (19.8,-2.9) .. controls +(-12.7:0.3) and +(166:0.4) .. (20.9,-3.2) .. controls +(-13.8:0.7) and +(136:0.2) .. (21.7,-3.5) .. controls +(-44.5:0.4) and +(104:0.4) .. (22.4,-4.6) .. controls +(-75.6:0.2) and +(-68.6:0.3) .. (22.2,-4.4) .. controls +(111:0.2) and +(-59.4:0.1) .. (22.0,-4.0) .. controls +(120:0.2) and +(-20.4:0.1) .. (21.5,-3.4) .. controls +(159:0.1) and +(-11.3:0.6) .. (19.5,-3.0) .. controls +(169:0.7) and +(17:0.4) .. (18.1,-3.0) .. controls +(-166:0.0) and +(2.7:0.1) .. (17.7,-3.0) .. controls +(-176:0.2) and +(17.1:0.1) .. (16.9,-3.1) .. controls +(-163:0.1) and +(88.1:0.3) .. (16.7,-3.8) .. controls +(-91.9:0.2) and +(17:0.0) .. (16.7,-4.1) .. controls +(-161:0.1) and +(-117:0.2) .. (16.7,-3.3) .. controls +(64.4:0.1) and +(-90:0.0) .. (16.8,-3.2) .. controls +(90:0.0) and +(5.1:0.1) .. (16.5,-3.2) .. controls +(-173:0.1) and +(5.7:0.2) .. (16.0,-3.2) .. controls +(-176:0.3) and +(69.6:0.1) .. (15.4,-3.5) .. controls +(-113:0.1) and +(91:0.2) .. (15.4,-3.9) .. controls +(-88.9:0.4) and +(-45:0.1) .. (15.4,-4.3) .. controls +(133:0.0) and +(-88.9:0.2) .. (15.3,-3.8) .. controls +(91.9:0.2) and +(11.3:0.0) .. (15.3,-3.5) .. controls +(-168:0.2) and +(-20.4:0.1) .. (14.7,-3.5) .. controls +(164:0.1) and +(60.8:0.5) .. (14.3,-4.0) .. controls +(-119:0.2) and +(60.4:0.2) .. (13.9,-4.8) .. controls +(-119:1.1) and +(90:0.2) .. (12.9,-6.9) .. controls +(-90:0.1) and +(117:0.3) .. (13.2,-7.5) .. controls +(-63.7:0.3) and +(113:0.2) .. (13.6,-8.4) .. controls +(-66.8:0.2) and +(180:0.0) .. (13.8,-8.8) .. controls +(0:0.0) and +(90:0.0) .. (13.8,-8.9) .. controls +(-90:0.2) and +(146:0.6) .. (14.7,-9.7) .. controls +(-33.9:0.3) and +(180:0.1) .. (15.3,-10.0) .. controls +(0:0.1) and +(137:0.0) .. (15.4,-10.1) .. controls +(-45.6:0.1) and +(-165:0.1) .. (16.4,-10.1) .. controls +(12.2:0.1) and +(-90:0.0) .. (16.5,-10.1) .. controls +(90:0.1) and +(-25:0.4) .. (15.3,-9.0) .. controls +(156:0.2) and +(-79.4:0.1) .. (15.1,-8.8) .. controls +(101:0.2) and +(-66.1:0.7) .. (14.6,-7.5) .. controls +(115:0.3) and +(-90:0.0) .. (14.3,-6.9) .. controls +(90:0.0) and +(-133:0.1) .. (14.4,-6.8) .. controls +(47:0.1) and +(-122:0.6) .. (15.2,-5.7) .. controls +(57.8:0.4) and +(-82.8:0.2) .. (15.4,-5.1) .. controls +(96.2:0.2) and +(165:0.0) .. (15.4,-5.0) .. controls +(-18.7:0.1) and +(90.6:1.7) .. (15.5,-7.1) .. controls +(-89.6:1.2) and +(119:0.1) .. (15.6,-8.8) .. controls +(-61.9:0.2) and +(178:0.6) .. (16.5,-9.0) -- (17.1,-9.1) -- (17.4,-8.9) -- (17.7,-8.8) -- (17.6,-8.6) .. controls +(129:0.1) and +(-60.9:0.2) .. (17.3,-8.2) -- (17.2,-7.9) -- (17.0,-8.1) .. controls +(-135:0.1) and +(-54.2:0.0) .. (16.9,-8.2) .. controls +(113:0.0) and +(-137:0.1) .. (17.0,-8.0) -- (17.1,-7.9) -- (17.1,-7.4) .. controls +(92.2:0.3) and +(-87.1:0.5) .. (17.0,-6.0) .. controls +(93.2:0.8) and +(135:0.1) .. (17.0,-5.1) .. controls +(-53.7:0.0) and +(92.8:0.7) .. (17.1,-6.4) -- (17.2,-7.7) -- (17.3,-8.0) .. controls +(-60.9:0.2) and +(125:0.1) .. (17.6,-8.5) .. controls +(-56.2:0.2) and +(-169:0.1) .. (17.8,-8.7) .. controls +(9.8:0.2) and +(-146:0.5) .. (19.0,-8.1) .. controls +(33.1:0.4) and +(-59.9:0.1) .. (19.4,-7.7) .. controls +(122:0.0) and +(0:0.0) .. (18.7,-7.1) .. controls +(180:0.0) and +(90:0.1) .. (18.7,-7.3) .. controls +(-90:0.2) and +(0:0.1) .. (18.5,-7.7) .. controls +(180:0.1) and +(-117:0.2) .. (18.5,-7.5) .. controls +(59.9:0.1) and +(-92:0.1) .. (18.6,-7.2) .. controls +(89:0.2) and +(-45.4:0.1) .. (18.5,-6.9) .. controls +(135:0.1) and +(-84.3:0.7) .. (18.3,-6.1) .. controls +(95.5:0.8) and +(-166:0.1) .. (18.3,-4.7) .. controls +(10.3:0.0) and +(92.7:0.3) .. (18.4,-5.2) .. controls +(-87.2:0.3) and +(96.3:0.3) .. (18.4,-6.2) -- (18.5,-6.8) -- (18.7,-7.0) .. controls +(-42.8:0.3) and +(180:0.1) .. (19.6,-7.6) .. controls +(0:0.1) and +(-160:0.3) .. (20.1,-7.4) .. controls +(19.5:0.4) and +(-67.1:0.5) .. (20.5,-6.2) .. controls +(113:0.2) and +(-66.2:0.1) .. (20.2,-5.5) .. controls +(90:0.0) and +(-14.3:0.1) .. (20.1,-5.4) .. controls +(166:0.1) and +(78.1:0.2) .. (19.9,-5.7) .. controls +(-103:0.1) and +(150:0.1) .. (20.0,-5.9) .. controls +(-30.9:0.2) and +(90:0.1) .. (20.4,-6.2) .. controls +(-90:0.0) and +(-39.5:0.2) .. (20.2,-6.1) .. controls +(142:0.1) and +(0:0.0) .. (19.9,-5.9) .. controls +(180:0.0) and +(63.4:0.1) .. (19.8,-6.1) .. controls +(-116:0.1) and +(0:0.0) .. (19.7,-6.2) .. controls +(180:0.1) and +(-117:0.1) .. (19.7,-6.0) .. controls +(62:0.2) and +(-90:0.2) .. (19.9,-5.2) .. controls +(90:0.1) and +(-103:0.2) .. (20.0,-4.7) .. controls +(78.1:0.2) and +(-85:0.1) .. (20.0,-4.2) .. controls +(95.6:0.2) and +(180:0.0) .. (20.1,-4.0) .. controls +(0:0.0) and +(90:0.2) .. (20.1,-4.3) .. controls +(-90:0.3) and +(-165:0.1) .. (20.2,-4.6) .. controls +(17.1:0.1) and +(-126:0.2) .. (20.6,-4.3) .. controls +(55:0.2) and +(90:0.1) .. (20.8,-4.2) .. controls +(-90:0.0) and +(37.5:0.1) .. (20.4,-4.6) .. controls +(-143:0.0) and +(17.4:0.1) .. (20.2,-4.7) .. controls +(-163:0.2) and +(90:0.1) .. (20.0,-4.9) .. controls +(-90:0.2) and +(-151:0.3) .. (20.7,-4.9) .. controls +(29.4:0.4) and +(31.4:0.4) .. (20.7,-5.0) .. controls +(-149:0.2) and +(-4.0:0.3) .. (20.2,-5.1) .. controls +(176:0.3) and +(138:0.2) .. (20.0,-5.3) .. controls +(-42.5:0.1) and +(175:0.4) .. (21.0,-5.5) .. controls +(-5.1:0.2) and +(90:0.0) .. (21.3,-5.6) .. controls +(-90:0.0) and +(0:0.1) .. (21.2,-5.6) .. controls +(178:0.1) and +(-12.3:0.2) .. (20.4,-5.5) .. controls +(169:0.1) and +(113:0.3) .. (20.4,-5.8) .. controls +(-66.7:0.6) and +(90.7:0.3) .. (20.7,-6.6) .. controls +(-88.4:0.1) and +(180:0.0) .. (20.7,-6.9) .. controls +(0:0.0) and +(-142:0.1) .. (20.9,-6.7) .. controls +(37.2:0.4) and +(-155:0.4) .. (21.9,-6.2) .. controls +(25.1:0.5) and +(-116:0.6) .. (22.7,-5.4) .. controls +(64.2:0.4) and +(-89.3:0.2) .. (22.8,-4.8) .. controls +(92.6:0.2) and +(-68.1:0.2) .. (22.7,-4.3) .. controls +(112:0.3) and +(163:0.1) .. (22.7,-4.0) .. controls +(-26.6:0.0) and +(112:0.1) .. (22.8,-4.2) .. controls +(-69:0.4) and +(-110:0.1) .. (23.0,-4.5) .. controls +(69.9:0.0) and +(-105:0.2) .. (23.1,-4.2) .. controls +(74.8:0.5) and +(-111:0.6) .. (23.6,-2.7) .. controls +(68.1:0.3) and +(-108:0.6) .. (24.1,-1.2) .. controls +(71.7:0.6) and +(-110:0.3) .. (24.7,0.5) .. controls +(69.3:0.3) and +(-109:0.9) .. (25.4,2.6) .. controls +(71.3:0.9) and +(-135:0.0) .. (26.0,4.2) .. controls +(45:0.1) and +(71.5:1.4) .. (25.6,2.7) -- (25.1,1.3) -- (25.3,1.0) .. controls +(-58.1:0.4) and +(123:1.2) .. (26.4,-0.7) .. controls +(-56.7:0.5) and +(90:0.0) .. (26.9,-1.6) .. controls +(-90:0.1) and +(-56.7:0.9) .. (26.3,-0.8) .. controls +(123:0.5) and +(-57.1:0.1) .. (25.7,0.2) .. controls +(123:0.1) and +(-56.7:0.3) .. (25.3,0.8) -- (25.1,1.2) -- (25.0,1.1) .. controls +(-112:0.3) and +(90:0.0) .. (24.5,-0.5) .. controls +(-90:0.0) and +(124:0.1) .. (24.6,-0.7) .. controls +(-56.1:0.6) and +(119:1.2) .. (26.1,-3.2) .. controls +(-61.3:0.4) and +(122:0.4) .. (26.8,-4.4) .. controls +(-58.2:0.8) and +(117:0.5) .. (27.7,-6.0) -- (27.9,-6.3) -- (27.8,-6.9) .. controls +(-91.8:0.4) and +(78.7:0.3) .. (27.7,-8.0) .. controls +(-101:0.2) and +(135:0.0) .. (27.7,-8.4) .. controls +(-44.2:0.1) and +(-168:0.4) .. (28.9,-8.3) .. controls +(11.5:1.0) and +(-136:0.9) .. (31.3,-7.1) .. controls +(45:0.1) and +(180:0.0) .. (31.5,-6.9) .. controls +(0:0.1) and +(40.8:0.3) .. (31.2,-7.3) .. controls +(-139:1.0) and +(6.4:1.3) .. (28.3,-8.5) .. controls +(-174:0.4) and +(0:0.2) .. (26.7,-8.6) .. controls +(180:0.1) and +(90:0.2) .. (26.6,-8.7) .. controls +(-90:0.3) and +(105:0.5) .. (26.9,-10.3) .. controls +(-74.9:0.8) and +(125:0.6) .. (27.8,-12.4) .. controls +(-54.6:0.8) and +(85.2:1.5) .. (28.2,-15.1) .. controls +(-94.9:0.8) and +(105:0.3) .. (28.2,-16.1) .. controls +(-76.2:0.2) and +(87.3:0.2) .. (28.3,-16.7) .. controls +(-93.9:0.5) and +(44.4:0.7) .. (27.6,-18.0) .. controls +(-135:0.5) and +(32.2:0.7) .. (26.4,-18.9) .. controls +(-149:0.3) and +(40.1:0.2) .. (25.7,-19.4) .. controls +(-139:0.2) and +(36.9:1.0) .. (23.9,-20.8) .. controls +(-143:2.7) and +(40.5:0.8) .. (20.1,-23.7) .. controls +(-140:0.6) and +(20:0.5) .. (18.1,-24.9) .. controls +(-160:0.3) and +(-3.0:0.5) .. (17.1,-25.0) .. controls +(176:0.1) and +(23:0.2) .. (16.7,-25.1) .. controls +(-157:0.2) and +(12.3:0.2) .. (16.2,-25.3) .. controls +(-169:0.4) and +(-10.2:0.5) .. (14.7,-25.2) -- cycle (18.1,-24.8) .. controls +(18.7:0.4) and +(-146:0.8) .. (19.7,-23.9) .. controls +(34.6:0.2) and +(-134:0.1) .. (20.5,-23.3) .. controls +(48.1:0.2) and +(-143:2.3) .. (23.7,-20.8) .. controls +(37.1:1.0) and +(-140:0.1) .. (25.2,-19.7) .. controls +(35.1:0.1) and +(-142:0.2) .. (25.6,-19.3) .. controls +(38.2:0.2) and +(-147:0.4) .. (26.5,-18.7) .. controls +(33.4:0.5) and +(-135:0.4) .. (27.5,-17.9) .. controls +(44.9:0.6) and +(-102:0.4) .. (28.2,-16.8) .. controls +(78.1:0.2) and +(-76.8:0.2) .. (28.2,-16.3) .. controls +(103:0.4) and +(-95.7:0.9) .. (28.1,-14.9) .. controls +(84.5:0.8) and +(-80.8:0.5) .. (28.1,-13.4) .. controls +(99.3:0.3) and +(-55.4:0.4) .. (27.7,-12.5) .. controls +(124:1.2) and +(-85.7:1.4) .. (26.5,-8.7) .. controls +(94.9:0.1) and +(3.8:0.2) .. (26.3,-8.6) .. controls +(-176:0.3) and +(45:0.0) .. (25.1,-8.8) .. controls +(-135:0.1) and +(90:0.4) .. (25.0,-9.7) .. controls +(-90:0.5) and +(113:0.8) .. (25.4,-11.2) .. controls +(-67.4:0.9) and +(124:0.7) .. (26.8,-13.8) .. controls +(-56.1:0.3) and +(93.7:0.5) .. (27.0,-14.7) .. controls +(-86.5:1.0) and +(43.8:0.8) .. (26.3,-17.0) .. controls +(-137:0.3) and +(25.3:0.2) .. (25.7,-17.4) .. controls +(-155:1.4) and +(42.4:1.8) .. (22.3,-19.7) .. controls +(-138:0.8) and +(48.2:1.2) .. (20.2,-21.9) .. controls +(-132:1.1) and +(38.8:1.1) .. (17.4,-24.5) .. controls +(-142:0.2) and +(90:0.0) .. (17.1,-24.8) .. controls +(-90:0.1) and +(-177:0.2) .. (17.6,-24.9) .. controls +(3.5:0.1) and +(-162:0.1) .. (18.1,-24.8) -- cycle (17.1,-24.6) .. controls +(38.7:1.5) and +(-131:1.4) .. (20.4,-21.5) .. controls +(48.6:0.3) and +(-135:0.6) .. (21.6,-20.2) .. controls +(45.2:0.7) and +(-129:0.5) .. (23.0,-18.7) .. controls +(50.7:0.5) and +(-136:0.1) .. (23.7,-17.9) .. controls +(43.4:0.3) and +(-97.7:0.4) .. (24.0,-17.2) .. controls +(82.2:0.5) and +(-85.3:0.9) .. (24.0,-15.8) .. controls +(94.8:1.9) and +(-77.5:0.7) .. (23.6,-12.5) .. controls +(102:0.2) and +(-55.9:0.7) .. (22.9,-11.3) .. controls +(124:0.7) and +(94.3:0.4) .. (22.6,-11.2) .. controls +(-86.3:0.3) and +(115:0.4) .. (22.8,-12.0) .. controls +(-65.1:0.7) and +(103:2.6) .. (23.8,-15.6) .. controls +(-77.4:0.5) and +(90:0.0) .. (24.0,-16.4) .. controls +(-90:0.0) and +(0:0.0) .. (23.9,-16.4) .. controls +(180:0.0) and +(-77.7:0.4) .. (23.7,-15.9) .. controls +(102:0.7) and +(-75.2:0.4) .. (23.2,-13.3) .. controls +(105:0.8) and +(-64:0.5) .. (22.7,-12.0) .. controls +(116:1.2) and +(-40.7:1.0) .. (20.8,-9.4) .. controls +(139:0.5) and +(-34.4:0.4) .. (19.3,-8.2) -- (19.1,-8.1) -- (18.9,-8.3) .. controls +(-149:0.2) and +(21.4:0.2) .. (18.1,-8.7) .. controls +(-158:0.2) and +(30.9:0.1) .. (17.5,-8.9) -- (17.4,-9.0) -- (17.6,-9.1) .. controls +(-5.8:0.4) and +(131:0.4) .. (18.6,-9.6) .. controls +(-49.5:0.2) and +(47.5:0.0) .. (18.9,-10.0) .. controls +(-135:0.0) and +(126:0.0) .. (18.9,-10.1) .. controls +(-50.3:0.1) and +(18.1:0.3) .. (18.6,-10.4) .. controls +(-162:0.5) and +(32.3:0.2) .. (17.6,-10.8) .. controls +(-148:0.2) and +(-25.1:0.1) .. (17.3,-10.9) .. controls +(155:0.2) and +(15.2:0.2) .. (16.7,-10.9) -- (16.5,-10.9) -- (16.3,-10.8) .. controls +(139:0.2) and +(-16.2:0.3) .. (15.6,-10.4) .. controls +(164:0.1) and +(-69.2:0.0) .. (15.3,-10.3) .. controls +(111:0.0) and +(0:0.0) .. (15.3,-10.3) .. controls +(180:0.0) and +(-43.5:0.1) .. (15.2,-10.2) .. controls +(135:0.1) and +(-32.2:0.2) .. (14.7,-9.8) .. controls +(148:0.3) and +(-45:0.2) .. (14.0,-9.3) -- (13.7,-9.0) -- (13.6,-9.1) .. controls +(-137:1) and +(57.9:0.8) .. (11.9,-11.1) .. controls +(-122:1.0) and +(75.3:0.9) .. (11.0,-13.1) .. controls +(-105:1.3) and +(104:0.9) .. (10.7,-17.1) .. controls +(-76.4:0.5) and +(136:0.1) .. (11.0,-18.1) .. controls +(-45:0.1) and +(159:0.2) .. (12.0,-18.6) .. controls +(-22.3:0.2) and +(0:0.1) .. (12.1,-18.7) .. controls +(180:0.0) and +(-26.2:0.3) .. (11.6,-18.5) .. controls +(155:0.3) and +(65:0.0) .. (11.1,-18.3) .. controls +(-112:0.1) and +(116:1.0) .. (12.1,-20.7) .. controls +(-63.9:0.8) and +(132:0.6) .. (12.8,-21.9) .. controls +(-48.6:1.1) and +(146:0.8) .. (15.0,-23.9) .. controls +(-33.9:0.4) and +(-140:0.0) .. (16.0,-24.5) .. controls +(57.5:0.0) and +(-39:0.3) .. (15.5,-24.0) .. controls +(140:1.2) and +(-60.8:0.7) .. (13.5,-21.9) .. controls +(119:0.9) and +(-95.3:1.0) .. (13.0,-19.2) .. controls +(84.7:0.2) and +(-41.2:0.0) .. (13.0,-18.8) .. controls +(135:0.0) and +(-6.1:0.1) .. (12.8,-18.7) .. controls +(174:0.4) and +(180:0.3) .. (11.5,-18.2) .. controls +(0:0.0) and +(158:0.1) .. (11.7,-18.2) -- (11.9,-18.3) -- (11.8,-18.2) .. controls +(138:0.1) and +(-135:0.0) .. (11.7,-18.1) .. controls +(46.5:0.0) and +(150:0.3) .. (12.2,-18.3) .. controls +(-31:0.3) and +(166:0.1) .. (12.7,-18.6) .. controls +(-15.6:0.2) and +(-69.6:0.1) .. (13.1,-18.6) .. controls +(110:0.0) and +(-21:0.3) .. (12.6,-18.3) .. controls +(159:0.6) and +(-134:0.1) .. (12.0,-18.0) .. controls +(43.7:0.0) and +(159:0.3) .. (12.5,-18.2) .. controls +(-21.4:0.3) and +(171:0.1) .. (13.0,-18.4) .. controls +(-4.7:0.1) and +(-21.7:0.2) .. (12.8,-18.2) .. controls +(158:0.2) and +(-34.3:0.0) .. (12.4,-18.1) .. controls +(148:0.1) and +(161:0.1) .. (12.5,-18.0) .. controls +(-21.8:0.1) and +(-177:0.2) .. (12.9,-18.0) -- (13.2,-18.0) -- (13.3,-17.8) .. controls +(75.2:0.3) and +(90:0.1) .. (13.4,-17.6) .. controls +(-90:0.0) and +(73.7:0.1) .. (13.4,-17.8) .. controls +(-107:0.2) and +(-159:0.2) .. (13.5,-18.0) .. controls +(18.1:0.1) and +(142:0.0) .. (13.6,-18.0) .. controls +(-32.2:0.1) and +(16.2:0.2) .. (13.5,-18.1) .. controls +(-163:0.1) and +(77.5:0.0) .. (13.3,-18.2) .. controls +(-109:0.0) and +(160:0.3) .. (13.8,-18.5) .. controls +(-19.8:0.2) and +(-3.8:0.2) .. (13.8,-18.6) .. controls +(173:0.1) and +(58.6:0.0) .. (13.7,-18.6) .. controls +(-130:0.0) and +(-14.4:0.1) .. (13.5,-18.6) .. controls +(167:0.2) and +(98.6:0.1) .. (13.3,-18.6) .. controls +(-78.1:0.0) and +(48.7:0.0) .. (13.2,-18.7) .. controls +(-132:0.2) and +(96.8:0.6) .. (13.1,-20.3) .. controls +(-83.3:1.4) and +(141:2.3) .. (15.7,-24.1) .. controls +(-39.4:0.3) and +(136:0.1) .. (16.3,-24.6) .. controls +(-43.2:0.1) and +(160:0.0) .. (16.5,-24.7) .. controls +(-15.4:0.0) and +(105:0.0) .. (16.6,-24.8) .. controls +(-72.4:0.1) and +(-141:0.4) .. (17.1,-24.6) -- cycle (16.3,-24.8) .. controls +(117:0.0) and +(-26.4:0.2) .. (16.0,-24.6) .. controls +(155:0.3) and +(-39.9:0.1) .. (14.8,-23.9) .. controls +(141:0.0) and +(-37.1:0.3) .. (14.4,-23.6) .. controls +(142:0.7) and +(-49.3:0.7) .. (12.8,-22.1) .. controls +(131:0.5) and +(-61.9:0.4) .. (12.1,-21.1) .. controls +(118:0.8) and +(-70.8:0.9) .. (11.0,-18.6) .. controls +(109:0.5) and +(-30.9:0.2) .. (10.7,-18.1) .. controls +(150:0.1) and +(-90:0.0) .. (10.6,-17.9) .. controls +(90:0.1) and +(152:0.1) .. (10.7,-17.9) .. controls +(-26.4:0.1) and +(-73:0.3) .. (10.8,-17.7) .. controls +(107:0.7) and +(-87.8:1.0) .. (10.5,-15.8) .. controls +(92.3:0.6) and +(-86.4:0.3) .. (10.4,-14.2) .. controls +(93.5:1.1) and +(-101:1.3) .. (10.7,-10.4) .. controls +(79.3:1.3) and +(-118:0.9) .. (11.4,-8.0) .. controls +(61.8:1.2) and +(-112:0.8) .. (12.9,-4.9) .. controls +(67.9:0.2) and +(-113:0.3) .. (13.3,-4.0) .. controls +(67.7:1.1) and +(-101:0.8) .. (14.3,-0.8) .. controls +(79.1:0.4) and +(-84.1:0.7) .. (14.3,0.9) .. controls +(95.6:0.6) and +(-71.7:0.6) .. (14.0,2.5) .. controls +(108:0.6) and +(45:0.1) .. (13.4,3.8) .. controls +(-135:0.0) and +(89.5:0.5) .. (13.3,2.9) -- (13.3,1.9) -- (13.5,1.4) .. controls +(-74.8:0.9) and +(90:0.8) .. (13.8,-0.8) .. controls +(-90:0.7) and +(73.9:0.7) .. (13.5,-2.8) .. controls +(-106:0.8) and +(60.3:3.6) .. (11.0,-7.5) .. controls +(-120:3.0) and +(75.2:0.5) .. (9.5,-10.5) .. controls +(-105:1.3) and +(95.1:1.8) .. (9.2,-15.1) .. controls +(-84.9:1.5) and +(112:1.4) .. (10.0,-18.3) .. controls +(-67.7:0.9) and +(119:0.7) .. (11.3,-21.0) .. controls +(-60.7:0.9) and +(126:0.7) .. (12.7,-23.2) .. controls +(-54.3:0.5) and +(149:0.3) .. (13.2,-23.8) .. controls +(-31.2:0.9) and +(168:1.5) .. (16.1,-24.8) .. controls +(-12.6:0.3) and +(-57:0.0) .. (16.3,-24.8) -- cycle (23.6,-18.5) .. controls +(37.5:0.6) and +(-154:0.5) .. (25.1,-17.5) .. controls +(26.6:0.2) and +(-90:0.0) .. (25.5,-17.3) .. controls +(80.3:0.0) and +(10.1:0.2) .. (25.0,-17.3) .. controls +(-169:0.6) and +(50.1:1.1) .. (23.2,-18.6) .. controls +(-130:0.4) and +(-141:0.2) .. (23.1,-18.9) .. controls +(39:0.1) and +(-143:0.3) .. (23.6,-18.5) -- cycle (13.2,-18.2) .. controls +(135:0.0) and +(22.9:0.0) .. (13.1,-18.2) .. controls +(-159:0.0) and +(180:0.0) .. (13.1,-18.2) .. controls +(-5.6:0.0) and +(-36.3:0.0) .. (13.2,-18.2) -- cycle (24.3,-17.4) .. controls +(33.4:0.3) and +(-177:0.4) .. (25.2,-17.1) .. controls +(3.3:0.3) and +(-47.6:0.1) .. (25.5,-17.0) .. controls +(132:0.2) and +(0:0.2) .. (25.0,-16.8) .. controls +(180:0.2) and +(48:0.3) .. (24.4,-17.2) .. controls +(-132:0.4) and +(-146:0.3) .. (24.3,-17.4) -- cycle (26.0,-17.1) .. controls +(45:0.0) and +(-69.9:0.0) .. (26.0,-16.9) .. controls +(108:0.0) and +(-72:0.4) .. (25.7,-16.2) .. controls +(109:0.8) and +(-68.8:1.2) .. (24.9,-13.8) .. controls +(111:2.0) and +(-84.3:1.5) .. (23.8,-9.6) .. controls +(96.2:0.2) and +(0:0.0) .. (23.7,-9.2) .. controls +(180:0.0) and +(37:0.1) .. (22.8,-9.6) .. controls +(-144:0.1) and +(89.4:0.3) .. (22.6,-10.4) .. controls +(-90:0.1) and +(124:0.6) .. (23.0,-11.2) .. controls +(-56.1:1.3) and +(98.7:1.0) .. (23.8,-13.3) .. controls +(-81.2:0.5) and +(94.5:1.3) .. (24.1,-15.5) .. controls +(-85.3:0.8) and +(-109:0.1) .. (24.2,-16.4) .. controls +(72.3:0.0) and +(-128:0.1) .. (24.4,-16.1) -- (24.5,-16.0) -- (24.7,-16.0) .. controls +(-4.8:0.4) and +(116:0.6) .. (25.7,-16.8) .. controls +(-63.4:0.2) and +(173:0.0) .. (25.9,-17.1) .. controls +(0:0.0) and +(-135:0.0) .. (26.0,-17.1) -- cycle (24.3,-16.8) .. controls +(48.9:0.5) and +(139:0.5) .. (25.4,-16.8) .. controls +(-41.1:0.2) and +(-57.2:0.2) .. (25.4,-16.6) .. controls +(123:0.4) and +(-9.2:0.3) .. (24.7,-16.1) .. controls +(171:0.1) and +(47.3:0.1) .. (24.5,-16.2) .. controls +(-133:0.1) and +(62.1:0.1) .. (24.3,-16.4) .. controls +(-117:0.2) and +(180:0.0) .. (24.2,-16.9) .. controls +(0:0.0) and +(-131:0.1) .. (24.3,-16.8) -- cycle (24.5,-16.9) .. controls +(36.7:0.1) and +(-162:0.1) .. (24.8,-16.7) -- (25.0,-16.7) -- (24.9,-16.6) .. controls +(170:0.1) and +(34.3:0.2) .. (24.5,-16.7) .. controls +(-144:0.1) and +(180:0.0) .. (24.4,-16.9) .. controls +(0:0.0) and +(-143:0.1) .. (24.5,-16.9) -- cycle (26.3,-16.7) .. controls +(50.5:0.6) and +(-92.6:0.6) .. (26.9,-15.2) .. controls +(87.2:0.5) and +(-62.4:0.2) .. (26.8,-14.0) .. controls +(118:0.1) and +(-56.7:0.2) .. (26.5,-13.7) .. controls +(123:1.0) and +(-71.6:0.9) .. (25.0,-10.6) .. controls +(109:0.5) and +(-99.8:0.5) .. (24.9,-9.2) .. controls +(79.8:0.2) and +(-90:0.0) .. (25.0,-8.8) .. controls +(90:0.1) and +(42.2:0.1) .. (23.9,-9.1) .. controls +(-137:0.1) and +(96.3:0.5) .. (23.9,-9.7) .. controls +(-83.9:1.3) and +(112:1.2) .. (24.7,-13.2) .. controls +(-68.3:0.9) and +(108:0.6) .. (25.9,-16.3) .. controls +(-71.9:0.4) and +(180:0.0) .. (26.1,-16.9) .. controls +(0:0.0) and +(-129:0.1) .. (26.3,-16.7) -- cycle (10.7,-14.0) .. controls +(80.5:1.1) and +(-120:0.8) .. (11.5,-11.5) .. controls +(58.7:0.2) and +(-90:0.2) .. (11.6,-11.1) .. controls +(90:0.3) and +(-96.3:0.7) .. (11.8,-9.4) .. controls +(83.4:0.8) and +(-106:0.8) .. (12.3,-6.8) .. controls +(74.2:0.1) and +(-45:0.0) .. (12.3,-6.6) .. controls +(139:0.0) and +(62.9:0.4) .. (12.0,-7.2) .. controls +(-117:0.4) and +(60.6:0.2) .. (11.4,-8.3) .. controls +(-119:0.3) and +(74.2:0.4) .. (11.1,-9.1) .. controls +(-105:1.3) and +(89.5:1.2) .. (10.5,-13.0) .. controls +(-90.6:1.1) and +(-135:0.1) .. (10.6,-14.5) .. controls +(45:0.0) and +(-99.4:0.2) .. (10.7,-14.0) -- cycle (22.4,-11.0) -- (22.4,-10.6) -- (22.2,-10.3) .. controls +(127:0.2) and +(0:0.0) .. (22.0,-10.1) .. controls +(180:0.0) and +(43.7:0.1) .. (21.9,-10.2) -- (21.8,-10.3) -- (22.0,-10.7) .. controls +(-54.9:0.2) and +(121:0.1) .. (22.4,-11.2) .. controls +(-61.1:0.1) and +(180:0.0) .. (22.5,-11.3) .. controls +(0:0.0) and +(-85.8:0.2) .. (22.4,-11.0) -- cycle (12.2,-10.5) .. controls +(52.4:0.7) and +(-107:0.4) .. (12.8,-9.5) .. controls +(73.2:0.2) and +(-109:0.1) .. (12.9,-9.0) .. controls +(72.8:0.2) and +(90:0.1) .. (13.1,-8.9) .. controls +(-90:0.0) and +(73:0.2) .. (13.0,-9.3) .. controls +(-106:0.2) and +(118:0.0) .. (12.9,-9.6) .. controls +(-68.7:0.0) and +(-135:0.3) .. (13.3,-9.3) -- (13.7,-8.9) -- (13.6,-8.7) .. controls +(116:0.2) and +(-11.9:0.2) .. (13.3,-8.4) .. controls +(167:0.1) and +(69.4:0.0) .. (13.0,-8.4) .. controls +(-159:0.0) and +(50.5:0.3) .. (12.7,-8.8) .. controls +(-130:0.6) and +(73.5:0.4) .. (12.1,-9.9) .. controls +(-107:0.3) and +(90:0.1) .. (11.9,-10.8) .. controls +(-90:0.1) and +(-127:0.6) .. (12.2,-10.5) -- cycle (16.9,-10.8) .. controls +(4.0:0.2) and +(152:0.1) .. (17.2,-10.8) .. controls +(-27.9:0.1) and +(-154:0.3) .. (17.7,-10.7) .. controls +(26.2:0.2) and +(-162:0.2) .. (18.4,-10.4) .. controls +(18.8:0.2) and +(-72.3:0.0) .. (18.7,-10.2) .. controls +(108:0.1) and +(9.2:0.4) .. (18.0,-10.2) .. controls +(-171:0.3) and +(-23.6:0.1) .. (17.5,-10.2) .. controls +(158:0.1) and +(-4.1:0.2) .. (17.1,-10.1) .. controls +(176:0.2) and +(19.1:0.2) .. (16.5,-10.2) .. controls +(-161:0.3) and +(-5.9:0.6) .. (15.5,-10.2) .. controls +(174:0.2) and +(166:0.2) .. (15.6,-10.3) .. controls +(-14.8:0.2) and +(140:0.2) .. (16.4,-10.7) .. controls +(-40.8:0.1) and +(-160:0.1) .. (16.6,-10.8) .. controls +(15:0.0) and +(-177:0.1) .. (16.9,-10.8) -- cycle (22.5,-10.1) .. controls +(82.4:0.2) and +(-54:0.0) .. (22.5,-9.8) .. controls +(139:0.0) and +(90:0.0) .. (22.2,-10.0) .. controls +(-90:0.0) and +(172:0.0) .. (22.4,-10.4) .. controls +(0:0.0) and +(-99:0.2) .. (22.5,-10.1) -- cycle (21.9,-10.1) -- (22.0,-10.0) -- (21.9,-9.8) .. controls +(127:0.4) and +(-39:0.3) .. (20.8,-8.7) .. controls +(141:0.2) and +(-32.9:0.2) .. (20.1,-8.2) .. controls +(146:0.5) and +(-149:0.1) .. (19.7,-7.9) .. controls +(33.4:0.1) and +(142:0.5) .. (20.7,-8.5) .. controls +(-37.7:0.4) and +(127:0.5) .. (21.9,-9.7) .. controls +(-52.8:0.2) and +(180:0.0) .. (22.1,-9.9) .. controls +(0:0.0) and +(-146:0.2) .. (22.3,-9.7) .. controls +(34.5:0.3) and +(-108:0.3) .. (22.7,-9.3) .. controls +(71:0.4) and +(-135:0.4) .. (23.1,-8.6) .. controls +(45.3:0.9) and +(163:1.4) .. (26.1,-8.2) .. controls +(-17.2:0.3) and +(-134:0.0) .. (26.5,-8.3) .. controls +(43.5:0.0) and +(-105:0.2) .. (26.6,-7.9) .. controls +(76.5:0.3) and +(-91.1:0.4) .. (26.7,-7.1) .. controls +(89.3:0.8) and +(-61.1:3.7) .. (25.0,-3.0) .. controls +(119:0.7) and +(0:0.0) .. (24.1,-1.6) .. controls +(180:0.0) and +(73.4:0.2) .. (24.0,-1.9) .. controls +(-109:0.2) and +(67.9:0.3) .. (23.7,-2.7) .. controls +(-112:0.6) and +(75.1:0.5) .. (23.2,-4.2) .. controls +(-105:0.8) and +(56.6:0.4) .. (22.6,-5.8) -- (22.4,-6.1) -- (21.9,-6.3) .. controls +(-154:0.6) and +(54.9:0.3) .. (20.5,-7.3) .. controls +(-124:0.2) and +(16.2:0.2) .. (20.0,-7.6) .. controls +(-163:0.4) and +(71.6:0.1) .. (19.5,-7.8) .. controls +(-107:0.0) and +(34.8:0.1) .. (19.4,-8.0) .. controls +(-146:0.1) and +(90:0.0) .. (19.3,-8.1) .. controls +(-90:0.0) and +(143:0.3) .. (19.7,-8.4) .. controls +(-37.1:1.1) and +(128:0.4) .. (21.5,-10.0) .. controls +(-53.1:0.1) and +(180:0.0) .. (21.7,-10.2) .. controls +(0:0.0) and +(-134:0.1) .. (21.9,-10.1) -- cycle (18.1,-10.1) .. controls +(8.7:0.2) and +(170:0.1) .. (18.6,-10.1) .. controls +(-10.6:0.2) and +(-58.1:0.2) .. (18.7,-9.9) .. controls +(122:0.3) and +(-25:0.3) .. (18.1,-9.3) .. controls +(155:0.2) and +(0:0.7) .. (17.1,-9.2) .. controls +(180:0.6) and +(19.3:0.2) .. (16.2,-9.2) .. controls +(-161:0.1) and +(58.6:0.0) .. (16.0,-9.4) .. controls +(-117:0.0) and +(134:0.2) .. (16.2,-9.6) .. controls +(-45.8:0.2) and +(117:0.1) .. (16.5,-10.0) .. controls +(-62.4:0.1) and +(-163:0.1) .. (16.7,-10.0) .. controls +(15.2:0.2) and +(160:0.2) .. (17.4,-10.1) .. controls +(-19.4:0.2) and +(-171:0.4) .. (18.1,-10.1) -- cycle (23.5,-9.1) .. controls +(21.2:0.7) and +(-172:0.9) .. (25.8,-8.6) -- (26.4,-8.5) -- (26.3,-8.4) .. controls +(156:0.2) and +(-6.4:0.4) .. (25.1,-8.1) .. controls +(173:0.6) and +(30.1:0.5) .. (23.5,-8.4) .. controls +(-149:0.3) and +(69.7:0.3) .. (22.9,-9.2) .. controls +(-109:0.1) and +(90:0.0) .. (22.8,-9.4) .. controls +(-90:0.0) and +(-154:0.1) .. (23.0,-9.4) .. controls +(26.8:0.1) and +(-159:0.2) .. (23.5,-9.1) -- cycle (16.1,-9.2) -- (16.2,-9.1) -- (16.0,-9.1) .. controls +(173:0.3) and +(-62.7:0.1) .. (15.5,-8.8) .. controls +(117:0.1) and +(-90:1.0) .. (15.4,-7.5) .. controls +(90:1.4) and +(38.2:0.1) .. (15.3,-5.6) .. controls +(-135:0.0) and +(59:0.2) .. (15.1,-6.0) .. controls +(-121:0.2) and +(53.2:0.2) .. (14.7,-6.6) .. controls +(-127:0.2) and +(90:0.0) .. (14.5,-6.9) .. controls +(-90:0.0) and +(114:0.3) .. (14.7,-7.4) .. controls +(-65.5:0.6) and +(107:0.4) .. (15.2,-8.6) .. controls +(-72.9:0.2) and +(161:0.1) .. (15.3,-8.9) .. controls +(-22.8:0.1) and +(142:0.1) .. (15.7,-9.1) .. controls +(-38.2:0.1) and +(180:0.0) .. (15.9,-9.3) .. controls +(-9.1:0.0) and +(-156:0.1) .. (16.1,-9.2) -- cycle (27.5,-8.4) .. controls +(45:0.1) and +(-97.2:0.4) .. (27.7,-7.5) .. controls +(83.9:0.2) and +(-90:0.2) .. (27.7,-6.8) -- (27.7,-6.3) -- (27.6,-6.0) .. controls +(116:0.4) and +(-57.9:0.9) .. (26.6,-4.3) .. controls +(122:0.3) and +(-62.2:0.1) .. (26.2,-3.6) .. controls +(119:2.0) and +(48.2:0.1) .. (24.4,-0.7) .. controls +(-135:0.0) and +(72.1:0.2) .. (24.3,-1.1) .. controls +(-108:0.4) and +(123:0.6) .. (24.4,-1.9) .. controls +(-57:0.6) and +(117:1.0) .. (26.5,-5.6) .. controls +(-63.1:0.8) and +(76.5:0.8) .. (26.7,-7.9) .. controls +(-104:0.2) and +(79.4:0.1) .. (26.6,-8.4) -- (26.6,-8.5) -- (27.0,-8.5) .. controls +(3.5:0.2) and +(-135:0.0) .. (27.5,-8.4) -- cycle (13.4,-8.3) .. controls +(90:0.0) and +(-64.5:0.3) .. (13.2,-7.9) -- (13.0,-7.5) -- (12.8,-7.5) .. controls +(-174:0.4) and +(132:0.2) .. (12.4,-7.9) .. controls +(-47.1:0.1) and +(167:0.2) .. (13.2,-8.3) .. controls +(-13.6:0.2) and +(-90:0.0) .. (13.4,-8.3) -- cycle (6.7,-4.6) .. controls +(51:0.3) and +(-134:0.3) .. (7.4,-3.8) .. controls +(45.8:0.5) and +(-118:0.4) .. (8.1,-2.9) .. controls +(62.8:0.3) and +(-122:0.2) .. (8.5,-2.2) .. controls +(59.1:0.2) and +(-90:0.0) .. (8.6,-1.9) .. controls +(90:0.0) and +(44.2:1.0) .. (7.7,-2.8) .. controls +(-136:0.9) and +(33.6:0.7) .. (6.4,-3.8) .. controls +(-146:0.9) and +(25.5:0.5) .. (4.7,-4.9) .. controls +(-156:0.2) and +(90:0.0) .. (4.4,-5.0) .. controls +(-90:0.0) and +(-180:0.6) .. (6.3,-5.1) .. controls +(0:0.0) and +(-129:0.3) .. (6.7,-4.6) -- cycle;\n\\draw (16.5,-24.3) .. controls +(140:0.1) and +(-62.4:0.1) .. (16.3,-24.1) .. controls +(120:0.1) and +(-57.2:0.1) .. (16.2,-23.9) .. controls +(123:1.7) and +(-102:2.9) .. (15.8,-18.4) .. controls +(77.7:0.2) and +(133:0.1) .. (16.0,-18.2) .. controls +(-45:0.0) and +(78:0.8) .. (15.8,-19.0) .. controls +(-102:0.9) and +(90:0.8) .. (15.5,-21.2) .. controls +(-90.2:0.8) and +(108:0.6) .. (15.7,-22.8) .. controls +(-72:0.4) and +(124:0.5) .. (16.3,-24.0) .. controls +(-55.2:0.2) and +(90:0.0) .. (16.6,-24.4) .. controls +(-90:0.1) and +(-39.4:0.1) .. (16.5,-24.3) -- cycle;\n\\draw (16.8,-24.3) .. controls +(90:0.0) and +(-134:0.2) .. (17.1,-23.9) .. controls +(46.9:1) and +(-117:0.8) .. (18.6,-21.9) .. controls +(63.4:1.4) and +(-70.7:1.4) .. (18.9,-18.2) -- (18.8,-18.0) -- (18.7,-18.1) -- (18.6,-18.2) -- (18.7,-18.4) .. controls +(-60.5:0.1) and +(0:0.1) .. (18.7,-18.6) .. controls +(180:0.0) and +(-70.3:0.1) .. (18.4,-18.0) .. controls +(113:0.0) and +(-131:0.1) .. (18.4,-17.9) .. controls +(49.8:0.1) and +(111:0.1) .. (18.5,-17.8) .. controls +(-67:0.0) and +(48.1:0.0) .. (18.5,-18.0) .. controls +(-131:0.0) and +(108:0.0) .. (18.5,-18.1) .. controls +(-68:0.1) and +(-136:0.1) .. (18.6,-18.0) -- (18.7,-17.9) -- (18.7,-17.8) .. controls +(111:0.1) and +(-58.2:0.1) .. (18.5,-17.4) .. controls +(120:0.1) and +(-90:0.0) .. (18.4,-17.2) .. controls +(90:0.0) and +(-50:0.3) .. (17.8,-16.3) .. controls +(130:0.6) and +(-41.7:0.5) .. (16.6,-15.1) .. controls +(138:0.4) and +(-134:0.0) .. (16.2,-14.7) .. controls +(45:0.1) and +(135:0.9) .. (17.1,-15.5) .. controls +(-45:1.6) and +(104:1.2) .. (19.2,-18.8) .. controls +(-76.5:0.5) and +(76.3:0.5) .. (19.2,-20.7) .. controls +(-104:1.1) and +(47.8:1.5) .. (17.3,-23.9) .. controls +(-132:0.5) and +(-90:0.1) .. (16.8,-24.3) -- cycle;\n\\draw (22.1,-18.7) .. controls +(90:0.0) and +(-158:0.1) .. (22.2,-18.6) .. controls +(23.5:0.5) and +(-142:0.2) .. (23.1,-18.1) .. controls +(36.9:0.2) and +(90:0.1) .. (23.4,-18.0) .. controls +(-90:0.0) and +(24.1:0.2) .. (22.6,-18.5) .. controls +(-155:0.3) and +(0:0.1) .. (22.1,-18.7) .. controls +(180:0.0) and +(-90:0.0) .. (22.1,-18.7) -- cycle;\n\\draw (21.4,-18.7) .. controls +(74.6:0.0) and +(-161:0.2) .. (21.7,-18.5) .. controls +(18:0.2) and +(-155:0.2) .. (22.4,-18.3) .. controls +(24:0.2) and +(-156:0.0) .. (22.8,-18.1) .. controls +(22.9:0.0) and +(90:0.0) .. (22.8,-18.1) .. controls +(-90:0.1) and +(20.7:0.6) .. (22.0,-18.5) .. controls +(-160:0.4) and +(-108:0.1) .. (21.4,-18.7) -- cycle;\n\\draw (15.0,-18.6) .. controls +(130:0.0) and +(-141:0.1) .. (15.1,-18.5) .. controls +(41.7:0.2) and +(0:0.1) .. (15.1,-18.3) .. controls +(180:0.1) and +(7.5:0.3) .. (14.5,-18.4) .. controls +(-172:0.3) and +(-39.3:0.0) .. (14.0,-18.4) .. controls +(135:0.1) and +(-171:0.1) .. (14.1,-18.3) .. controls +(10.1:0.1) and +(2.8:0.2) .. (13.9,-18.3) .. controls +(-176:0.2) and +(-55.3:0.0) .. (13.6,-18.3) .. controls +(121:0.1) and +(-174:0.3) .. (13.9,-18.2) .. controls +(5.2:0.3) and +(-145:0.3) .. (14.6,-17.9) .. controls +(33.4:0.1) and +(134:0.0) .. (14.8,-17.9) .. controls +(-45:0.0) and +(36.4:0.2) .. (14.6,-18.0) .. controls +(-144:0.1) and +(162:0.0) .. (14.4,-18.2) .. controls +(-15.4:0.0) and +(-146:0.2) .. (15.0,-17.9) .. controls +(35.6:0.1) and +(90:0.1) .. (15.2,-17.9) .. controls +(-90:0.0) and +(32.7:0.1) .. (15.0,-18.0) .. controls +(-149:0.1) and +(90:0.0) .. (14.9,-18.2) .. controls +(-90:0.1) and +(-139:0.3) .. (15.3,-17.9) .. controls +(41.8:0.2) and +(101:0.1) .. (15.5,-17.8) .. controls +(-81:0.0) and +(42.4:0.2) .. (15.4,-18.0) .. controls +(-139:0.2) and +(180:0.1) .. (15.3,-18.2) .. controls +(0:0.1) and +(-122:0.3) .. (15.6,-17.9) .. controls +(58.3:0.2) and +(90:0.1) .. (15.8,-17.8) .. controls +(-90:0.1) and +(42.4:0.3) .. (15.3,-18.4) .. controls +(-137:0.4) and +(-60.8:0.1) .. (15.0,-18.6) -- cycle;\n\\draw (20.4,-18.6) .. controls +(171:0.7) and +(-136:0.2) .. (19.1,-18.1) .. controls +(45:0.0) and +(150:0.1) .. (19.2,-18.1) .. controls +(-30.6:0.3) and +(-47.3:0.3) .. (19.3,-18.1) .. controls +(133:0.2) and +(-134:0.0) .. (19.2,-17.8) .. controls +(45:0.0) and +(135:0.2) .. (19.4,-18.0) .. controls +(-46.1:0.5) and +(178:0.5) .. (20.6,-18.5) .. controls +(-1.6:0.3) and +(-15.7:0.3) .. (20.6,-18.4) .. controls +(164:0.3) and +(-112:0.1) .. (20.3,-18.2) .. controls +(68.7:0.0) and +(-3.1:0.1) .. (20.1,-18.2) .. controls +(176:0.2) and +(-172:0.2) .. (20.1,-18.1) .. controls +(6.8:0.1) and +(0:0.0) .. (20.2,-18.1) .. controls +(173:0.1) and +(-45:0.0) .. (19.7,-17.9) .. controls +(135:0.1) and +(165:0.4) .. (20.2,-17.9) .. controls +(-14.8:0.9) and +(180:0.3) .. (21.6,-18.2) .. controls +(0:0.2) and +(-162:0.1) .. (22.1,-18.1) .. controls +(16.5:0.2) and +(90:0.1) .. (22.3,-18.2) .. controls +(-90:0.1) and +(5.6:0.3) .. (20.9,-18.6) .. controls +(-175:0.1) and +(-8.9:0.2) .. (20.4,-18.6) -- cycle (21.5,-18.3) .. controls +(128:0.0) and +(-4.7:0.1) .. (21.3,-18.3) .. controls +(175:0.8) and +(138:0.0) .. (20.5,-18.3) .. controls +(-45:0.1) and +(180:0.1) .. (20.9,-18.4) .. controls +(0:0.1) and +(141:0.0) .. (21.1,-18.4) .. controls +(-36.7:0.1) and +(-162:0.2) .. (21.4,-18.4) .. controls +(19:0.1) and +(-57.5:0.0) .. (21.5,-18.3) -- cycle;\n\\draw (20.6,-17.1) .. controls +(165:0.3) and +(-26.7:0.2) .. (19.6,-16.7) .. controls +(153:0.4) and +(-135:0.1) .. (18.9,-16.2) .. controls +(45:0.0) and +(145:0.2) .. (19.1,-16.3) .. controls +(-33.9:0.3) and +(162:0.4) .. (20.2,-16.9) .. controls +(-18.5:0.3) and +(-179:0.3) .. (20.9,-17.0) .. controls +(0.9:0.4) and +(-163:0.6) .. (22.3,-16.7) .. controls +(17:0.4) and +(58.7:0.1) .. (22.7,-16.7) .. controls +(-122:0.1) and +(10.1:0.4) .. (21.6,-17.0) .. controls +(-170:0.4) and +(-14.8:0.1) .. (20.6,-17.1) -- cycle;\n\\draw (12.1,-17.0) .. controls +(167:0.4) and +(-37.4:0.1) .. (11.1,-16.6) .. controls +(143:0.1) and +(154:0.1) .. (11.3,-16.6) .. controls +(-27.6:0.5) and +(-158:0.2) .. (12.9,-16.9) .. controls +(22.2:0.1) and +(0:0.2) .. (12.8,-16.9) .. controls +(179:0.4) and +(-23.9:0.3) .. (11.8,-16.7) .. controls +(155:0.3) and +(0:0.2) .. (10.9,-16.4) .. controls +(180:0.1) and +(-63.4:0.0) .. (10.7,-16.4) .. controls +(121:0.0) and +(180:0.0) .. (10.7,-16.4) .. controls +(0:0.0) and +(-90:0.0) .. (10.8,-16.3) .. controls +(90:0.1) and +(159:0.2) .. (11.0,-16.3) .. controls +(-20.9:0.2) and +(-169:0.1) .. (11.6,-16.4) .. controls +(7.6:0.0) and +(139:0.0) .. (11.7,-16.5) .. controls +(-39.1:0.1) and +(178:0.2) .. (12.4,-16.6) .. controls +(0:0.1) and +(-75:0.0) .. (12.5,-16.5) .. controls +(104:0.2) and +(-109:0.1) .. (12.5,-16.0) .. controls +(71.8:0.2) and +(-154:0.2) .. (13.0,-15.5) .. controls +(28:0.2) and +(154:0.2) .. (13.7,-15.5) .. controls +(-26.4:0.2) and +(116:0.2) .. (14.2,-16.0) .. controls +(-65:0.1) and +(180:0.0) .. (14.3,-16.1) .. controls +(0:0.0) and +(-141:0.1) .. (14.5,-16.1) .. controls +(38.7:0.1) and +(-155:0.1) .. (14.7,-15.9) .. controls +(26.6:0.2) and +(-60.4:0.1) .. (15.1,-15.5) .. controls +(122:0.0) and +(1.0:0.2) .. (14.8,-15.4) .. controls +(-179:0.3) and +(-14.2:0.2) .. (13.6,-15.3) .. controls +(166:0.4) and +(34.5:0.3) .. (12.2,-15.5) .. controls +(-145:0.3) and +(90:0.2) .. (11.7,-16.2) .. controls +(-90:0.1) and +(0:0.0) .. (11.7,-16.3) .. controls +(180:0.1) and +(-117:0.3) .. (11.7,-15.9) .. controls +(63.4:0.1) and +(-141:0.1) .. (12.0,-15.6) .. controls +(37.4:0.1) and +(-137:0.1) .. (12.2,-15.4) -- (12.3,-15.3) -- (12.2,-15.4) .. controls +(-154:0.3) and +(90:0.2) .. (11.5,-16.2) .. controls +(-90:0.1) and +(-23.7:0.0) .. (11.5,-16.3) .. controls +(162:0.1) and +(-134:0.4) .. (11.8,-15.5) .. controls +(46:0.3) and +(-173:0.2) .. (12.5,-15.1) .. controls +(5.7:0.1) and +(-164:0.1) .. (12.8,-15.1) .. controls +(11.1:0.1) and +(171:0.1) .. (13.6,-15.1) .. controls +(-8.2:0.4) and +(171:0.3) .. (14.4,-15.2) .. controls +(-9.2:0.2) and +(180:0.1) .. (14.9,-15.3) .. controls +(-1.2:0.2) and +(137:0.1) .. (15.2,-15.3) .. controls +(-45:0.1) and +(62:0.3) .. (15.2,-15.6) .. controls +(-118:0.4) and +(26.1:0.4) .. (14.3,-16.5) .. controls +(-154:0.5) and +(9.8:0.3) .. (13.5,-16.8) .. controls +(-170:0.3) and +(135:0.0) .. (13.1,-16.9) .. controls +(-45:0.0) and +(-171:0.2) .. (13.5,-16.8) .. controls +(9.2:0.5) and +(-140:0.5) .. (14.8,-16.3) .. controls +(39.5:0.3) and +(90:0.1) .. (15.1,-16.1) .. controls +(-90:0.1) and +(22.3:0.4) .. (14.1,-16.8) .. controls +(-159:0.2) and +(-0.8:0.3) .. (12.7,-17.0) .. controls +(180:0.1) and +(-12.8:0.2) .. (12.1,-17.0) -- cycle (13.5,-16.7) .. controls +(15.3:0.1) and +(-153:0.1) .. (13.8,-16.6) .. controls +(23.8:0.1) and +(180:0.0) .. (14.0,-16.5) .. controls +(0:0.0) and +(-150:0.2) .. (14.4,-16.3) .. controls +(30.8:0.1) and +(-119:0.1) .. (14.8,-16.0) .. controls +(55.3:0.0) and +(34.3:0.2) .. (14.6,-16.1) .. controls +(-146:0.7) and +(2.9:0.6) .. (13.0,-16.7) .. controls +(-177:0.4) and +(122:0.1) .. (12.5,-16.8) .. controls +(-60.8:0.1) and +(-165:0.3) .. (13.5,-16.7) -- cycle (12.4,-16.7) .. controls +(90:0.0) and +(0:0.1) .. (12.3,-16.7) .. controls +(180:0.1) and +(124:0.0) .. (12.3,-16.7) .. controls +(-63.4:0.0) and +(180:0.0) .. (12.4,-16.8) .. controls +(0:0.0) and +(-90:0.0) .. (12.4,-16.7) -- cycle (13.3,-16.5) .. controls +(13:0.2) and +(-154:0.1) .. (13.9,-16.3) .. controls +(26.3:0.3) and +(-80.2:0.1) .. (14.1,-16.1) .. controls +(99.3:0.3) and +(-15.1:0.3) .. (13.5,-15.5) .. controls +(165:0.3) and +(62.8:0.3) .. (12.6,-15.9) .. controls +(-117:0.2) and +(112:0.2) .. (12.6,-16.5) .. controls +(-69.4:0.1) and +(180:0.1) .. (12.8,-16.6) .. controls +(0:0.1) and +(-167:0.2) .. (13.3,-16.5) -- cycle (12.8,-15.2) .. controls +(29.7:0.1) and +(15:0.2) .. (12.5,-15.2) -- (12.3,-15.3) -- (12.5,-15.3) .. controls +(5.7:0.1) and +(-148:0.0) .. (12.8,-15.2) -- cycle (14.0,-15.3) .. controls +(171:0.4) and +(135:0.0) .. (13.6,-15.2) .. controls +(-48:0.1) and +(180:0.2) .. (14.1,-15.3) -- (14.2,-15.3) -- (14.0,-15.3) -- cycle (13.5,-15.2) .. controls +(45:0.0) and +(0:0.2) .. (13.2,-15.1) .. controls +(180:0.2) and +(90:0.0) .. (12.9,-15.2) .. controls +(-90:0.0) and +(-135:0.1) .. (13.5,-15.2) -- cycle;\n\\draw (13.1,-16.4) .. controls +(136:0.2) and +(180:0.2) .. (13.2,-16.1) .. controls +(0:0.1) and +(90:0.1) .. (13.4,-16.3) .. controls +(-90:0.2) and +(-46:0.2) .. (13.1,-16.4) -- cycle (13.3,-16.3) .. controls +(47.7:0.1) and +(-45.6:0.1) .. (13.3,-16.2) .. controls +(137:0.1) and +(90:0.1) .. (13.1,-16.2) .. controls +(-90:0.1) and +(-128:0.1) .. (13.3,-16.3) -- cycle;\n\\draw (20.2,-16.7) .. controls +(174:0.2) and +(-30.8:0.2) .. (19.7,-16.5) .. controls +(149:0.6) and +(-85.5:0.2) .. (18.7,-15.5) .. controls +(93.8:0.1) and +(-170:0.6) .. (19.2,-15.3) .. controls +(10.5:0.3) and +(-160:0.0) .. (19.8,-15.2) .. controls +(21.3:0.4) and +(125:0.2) .. (21.6,-15.2) .. controls +(-51.8:0.0) and +(146:0.1) .. (21.8,-15.4) .. controls +(-34.2:0.4) and +(90:0.1) .. (22.4,-16.0) .. controls +(-90:0.0) and +(180:0.0) .. (22.5,-16.1) .. controls +(0:0.0) and +(90:0.1) .. (22.5,-16.2) .. controls +(-90:0.1) and +(-151:0.1) .. (22.6,-16.3) .. controls +(31:0.1) and +(160:0.1) .. (23.3,-16.4) .. controls +(-21:0.1) and +(-10:0.2) .. (23.1,-16.4) .. controls +(171:0.2) and +(18.6:0.4) .. (22.0,-16.6) .. controls +(-162:0.4) and +(-6.5:0.6) .. (20.2,-16.7) -- cycle (21.2,-16.6) .. controls +(9.1:0.2) and +(-90:0.3) .. (21.4,-16.2) .. controls +(90:0.4) and +(-24.2:0.3) .. (21.0,-15.5) .. controls +(156:0.4) and +(79.1:0.4) .. (20.0,-16.0) .. controls +(-99.8:0.2) and +(150:0.1) .. (20.1,-16.4) .. controls +(-39.8:0.0) and +(58.6:0.0) .. (20.1,-16.5) .. controls +(-122:0.1) and +(175:0.2) .. (20.3,-16.6) .. controls +(-5.5:0.2) and +(-170:0.2) .. (21.2,-16.6) -- cycle (21.9,-16.5) .. controls +(43:0.0) and +(180:0.0) .. (22.0,-16.5) .. controls +(5.2:0.0) and +(-155:0.1) .. (22.2,-16.4) -- (22.3,-16.4) -- (22.1,-16.1) .. controls +(117:0.3) and +(-31.8:0.2) .. (21.6,-15.5) .. controls +(148:0.2) and +(0:0.2) .. (20.7,-15.3) .. controls +(180:0.1) and +(12.9:0.3) .. (20.1,-15.4) .. controls +(-167:0.3) and +(7.1:0.2) .. (19.3,-15.5) .. controls +(-173:0.6) and +(134:0.3) .. (19.0,-15.8) .. controls +(-45.9:0.4) and +(180:0.1) .. (20.0,-16.5) .. controls +(0:0.0) and +(-63.4:0.0) .. (20.0,-16.5) .. controls +(119:0.2) and +(-119:0.2) .. (20.0,-15.8) .. controls +(60.3:0.6) and +(118:0.6) .. (21.4,-15.8) .. controls +(-62.2:0.1) and +(90.7:0.2) .. (21.5,-16.3) .. controls +(-87.5:0.2) and +(90:0.0) .. (21.5,-16.6) .. controls +(-75.1:0.0) and +(-128:0.0) .. (21.9,-16.5) -- cycle (22.4,-16.2) .. controls +(90:0.3) and +(-14.1:0.3) .. (21.5,-15.3) .. controls +(166:0.2) and +(119:0.0) .. (21.0,-15.2) .. controls +(-51.8:0.0) and +(174:0.1) .. (21.2,-15.3) .. controls +(-5.8:0.4) and +(117:0.5) .. (22.2,-16.0) .. controls +(-62.9:0.2) and +(-90:0.1) .. (22.4,-16.2) -- cycle (19.5,-15.4) .. controls +(9.1:0.4) and +(-1.3:0.1) .. (20.2,-15.3) .. controls +(175:0.0) and +(11.9:0.2) .. (19.7,-15.3) .. controls +(-167:0.2) and +(8.3:0.1) .. (19.2,-15.4) .. controls +(-172:0.1) and +(90:0.0) .. (19.0,-15.5) .. controls +(-90:0.0) and +(-167:0.0) .. (19.1,-15.5) .. controls +(14:0.0) and +(-171:0.2) .. (19.5,-15.4) -- cycle (20.6,-15.2) .. controls +(55.3:0.0) and +(10.9:0.1) .. (20.4,-15.2) .. controls +(-170:0.2) and +(180:0.2) .. (20.4,-15.3) .. controls +(0:0.1) and +(-117:0.0) .. (20.6,-15.2) -- cycle (20.8,-15.2) .. controls +(133:0.0) and +(22.9:0.0) .. (20.8,-15.2) .. controls +(-159:0.0) and +(180:0.0) .. (20.8,-15.2) .. controls +(-5.6:0.0) and +(-36.3:0.0) .. (20.8,-15.2) -- cycle;\n\\draw (20.4,-16.4) .. controls +(159:0.1) and +(-90:0.1) .. (20.3,-16.2) .. controls +(90:0.1) and +(180:0.1) .. (20.5,-16.0) .. controls +(0:0.2) and +(38.6:0.2) .. (20.6,-16.4) .. controls +(-142:0.1) and +(-20.6:0.1) .. (20.4,-16.4) -- cycle (20.6,-16.2) .. controls +(78.7:0.1) and +(0:0.1) .. (20.5,-16.1) .. controls +(180:0.1) and +(123:0.1) .. (20.4,-16.3) .. controls +(-57.6:0.1) and +(-101:0.1) .. (20.6,-16.2) -- cycle;\n\\draw (19.8,-16.4) .. controls +(117:0.0) and +(159:0.0) .. (19.8,-16.3) .. controls +(-21.5:0.1) and +(0:0.1) .. (19.9,-16.4) .. controls +(180:0.0) and +(-63.4:0.0) .. (19.8,-16.4) -- cycle;\n\\draw (22.8,-14.9) .. controls +(131:0.1) and +(171:0.1) .. (22.8,-14.7) .. controls +(-6.6:0.1) and +(31.9:0.1) .. (22.9,-14.9) .. controls +(-147:0.1) and +(-50.6:0.1) .. (22.8,-14.9) -- cycle;\n\\draw (13.3,-14.3) .. controls +(133:0.1) and +(-163:0.1) .. (13.3,-14.1) .. controls +(19.4:0.1) and +(79.3:0.1) .. (13.5,-14.3) .. controls +(-97.7:0.1) and +(-45:0.1) .. (13.3,-14.3) -- cycle;\n\\draw (17.2,-12.3) .. controls +(111:0.0) and +(-135:0.0) .. (17.3,-12.2) .. controls +(45:0.1) and +(135:0.1) .. (17.4,-12.2) .. controls +(-45:0.1) and +(0:0.1) .. (17.3,-12.4) .. controls +(180:0.0) and +(-65.6:0.0) .. (17.2,-12.3) -- cycle;\n\\draw (17.7,-11.9) .. controls +(166:0.1) and +(-27:0.2) .. (17.4,-11.8) .. controls +(152:0.4) and +(25:0.4) .. (16.6,-11.8) .. controls +(-155:0.4) and +(-90:0.1) .. (16.1,-11.9) .. controls +(90:0.0) and +(180:0.0) .. (16.2,-11.8) .. controls +(0:0.0) and +(-155:0.2) .. (16.6,-11.7) .. controls +(24.1:0.3) and +(166:0.2) .. (17.1,-11.5) .. controls +(-13.4:0.1) and +(151:0.1) .. (17.5,-11.7) .. controls +(-29.7:0.1) and +(180:0.0) .. (17.8,-11.8) .. controls +(0:0.1) and +(29.6:0.1) .. (17.9,-12.0) .. controls +(-152:0.0) and +(-17:0.1) .. (17.7,-11.9) -- cycle;\n\\end{tikzpicture}','Học Tikz,','2025-08-03 05:41:32',2),(63,'115852900894156127858_192859080825.svg','\\begin{tikzpicture}[\n		declare function={\n			a=4;\n			b=a/4;\n			k=.6;\n			h=3;\n			yo=b*b/h;\n			go=asin(yo/b);\n			xo=a*cos(go);\n			ax=a*k;\n			bx=b*k;\n		},\n		join=round,\n		cap=round,\n		scale=.85\n		]\n		\n		% Định nghĩa các điểm\n		\\coordinate (O) at (0,0);\n		\\coordinate (S) at (0,h);\n		\\coordinate (B) at ({a*cos(60)},{b*sin(60)});\n		\\coordinate (A) at ({a*cos(-80)},{b*sin(-80)});\n		\\coordinate (I) at ($(A)!0.5!(B)$);\n		\\coordinate (H) at ($(S)!0.75!(I)$);\n		\n		% Các đoạn thẳng\n		\\draw[densely dashed]\n		(H) -- (O) -- (S) -- (I) -- (O)\n		(S) -- (B) -- (A) -- (O) -- (B);\n		\n		% Vẽ cung elip\n		\\draw[gray, densely dotted]\n		({xo},{yo}) arc ({go}:{180-go}:{a} and {b});\n		\n		% Vẽ hình kín\n		\\draw\n		(S) -- (A)\n		(S) -- ({xo},{yo}) arc ({go}:{-180-go}:{a} and {b}) -- cycle;\n		\n		% Vẽ các điểm và nhãn\n		\\foreach \\p/\\g in {O/-120, S/90, A/-100, B/30, I/-60, H/30} {\n			\\fill[ball color=white] (\\p) circle (.8pt);\n			\\node[shift={(\\g:.15)}, scale=.6] at (\\p) {$\\p$};\n		}\n		\n	\\end{tikzpicture}','hình không gian,','2025-08-08 12:28:59',1),(71,'115852900894156127858_110519160825.svg','\\begin{tikzpicture}\n\\draw[red] (1,1) circle (1);\n\\fill (1,1) circle (1pt);\n\\end{tikzpicture}\n03','Học Tikz,','2025-08-16 04:05:19',1),(72,'115852900894156127858_125030160825.svg','\\begin{tikzpicture}\n\\draw[red] (1,1) circle (1);\n\\fill (1,1) circle (1pt);\n\\end{tikzpicture}\n04','Học Tikz,','2025-08-16 05:50:30',1),(73,'115852900894156127858_135130160825.svg','\\begin{tikzpicture}\n\\draw[red] (1,1) circle (1);\n\\fill (1,1) circle (1pt);\n\\end{tikzpicture}\n05','Học Tikz,','2025-08-16 06:51:30',1),(74,'115852900894156127858_145120160825.svg','\\begin{tikzpicture}\n\\draw[red] (1,1) circle (1);\n\\fill (1,1) circle (1pt);\n\\end{tikzpicture}\n06','Học Tikz,','2025-08-16 07:51:20',1),(76,'anonymous_224604160825.svg','\\begin{tikzpicture}\n\\draw[red] (1,1) circle (1);\n\\fill (1,1) circle (1pt);\n\\end{tikzpicture}\n07','Học Tikz,','2025-08-16 15:46:04',1),(79,'anonymous_155001170825.svg','\\definecolor{myblue}{HTML}{1D2A6E}\n\\begin{tikzpicture}\n%====================================\n%====================================\n\\fill[yellow!50]  circle(7cm);\n%====================\n\\fill[red]\n(-4,-4){[rounded corners=20pt]--(-4,4.5)--(0.5,4.5)}--(0.5,2.5)\n--(2.5,4.5)--(4.5,4.5)--(-1,-1){[rounded corners=20pt]--(-1,3)--(-2.5,3)}--(-2.5,-2.5)--cycle;\n%====================================\n\\fill[myblue]\n(-.5,-1)--(4.5,4)--(4.5,-1)--(3,-1)--++(0,.75)--++(-1,0)--(1.25,-1)--cycle;\n%====================================\n\\fill[myblue]\n(-3.5,-4)--(-2,-2.5)--(0,-2.5)--(-1.5,-4)--cycle;\n%===========\n\n\\fill[red]\n(-.5,-3.5)--(4.5,-3.5)|-(-1,-4)--cycle;\n\\fill[myblue]\n(.5,-2.5)--(4.5,-2.5)|-(0,-3)--cycle;\n%========\n\\draw[ultra thick]  circle[radius=7cm] circle[radius=8cm]  ;\n\\draw[line width=2mm]  circle[radius=8.4cm]  ;\n\n\\path [rotate=210,postaction={decoration={text along path,text format delimiters={|}{|}, text={|\\Huge| \nLABORATORY OF MATHEMATICS AND ITS APPLICATIONS {\\pgfornament[scale=.4,ydelta=-9pt]{15}} UNIVERSITY OF MEDEA{\\pgfornament[scale=.4,ydelta=-9pt]{15}}},\n     text align=fit to path,reverse path}, decorate}] \n    circle[radius=7.2cm] ; \n%===========\n%=======\n%\\node[font=\\Large\\bfseries\\color{white}] at(.75,-2.25){LMA};\n\\node[font=\\bfseries\\sffamily\\fontsize{40}{35}\\selectfont\\color{red}] at(.25,-1.75){L\\hspace{7mm}M\\hspace{7mm}A};\n\n\n\n\n\n\n\\end{tikzpicture}','Hình','2025-08-17 08:50:01',1),(81,'anonymous_232510170825.svg','\\begin{tikzpicture}[line cap=round,line join=round,font=\\footnotesize,transform shape, >=stealth]\n\\definecolor{xanhn}{HTML}{2768C2}\n\\definecolor{xanhg}{HTML}{5093EE}\n\\definecolor{xanht}{HTML}{70A8F3}\n\\definecolor{xanhla}{HTML}{8DDD56}\n\\tikzset{earth/.pic={\n\\def\\r{2.5}\n\\fill[xanhn] (0,0) circle(\\r);\n\\begin{scope}\n\\clip (0,0) circle(\\r);\n\\fill[xanhg] (-.5,.5) circle(\\r);\n\\fill[xanht] (-1.5,1) circle(\\r);\n\\fill[xanhla] (130:\\r) .. controls ++(-40:.1) and ++(90:.2) .. (120:{\\r-.5}) .. controls ++(-90:.1) and ++(-120:.1) .. (130:{\\r-.6}) .. controls ++(-135:.2) and ++(170:.1) .. (130:{\\r-1}) .. controls ++(10:1) and ++(180:.4) .. (100:{\\r-.3}) .. controls ++(0:.2) and ++(120:.3) .. (70:{\\r-.4}) .. controls ++(20:.1) and ++(-100:.1) .. (60:\\r) arc (60:130:\\r);\n\\fill[xanhla] (195:\\r) .. controls ++(-10:.5) and ++(-100:.5) .. (170:{\\r-1}) ..controls ++(-170:.2) and ++(10:.2) .. (180:{\\r-.5}) .. controls ++(100:.1) and ++(-100:.1) .. (160:{\\r-.55}) .. controls ++(0:.2) and ++(190:.3) .. (160:{\\r-1.2}) .. controls ++(-80:.5) and ++(70:.5) .. (-150:{\\r-1}) .. controls ++(-15:.15) and ++(200:.1) .. (-130:{\\r-1.3}) ..controls ++(-90:.2) and ++(20:.5) .. (-130:{\\r-.6}) .. controls ++(-90:.6) and ++(160:.2) .. (-100:\\r) arc (-100:-165:\\r);\n\\fill[xanhla] (-90:\\r) .. controls ++(80:.5) and ++(190:.2) ..(-60:{\\r-.3}) .. controls ++(140:.8) and ++(100:.8) .. (-50:{\\r-.3}) ..controls ++(90:.3) and ++(-90:.2) .. (-10:\\r) arc (-10:-90:\\r);\n\\fill[xanhla] (-5:\\r) .. controls ++(160:.5) and ++(-80:.2) .. (35:\\r) arc (35:-5:\\r);\n\\end{scope}\n}}\n\\tikzset{sat/.pic={\n\\path (-130:2) coordinate(A) ++(90:3.6) coordinate(D) (-50:2) coordinate(B) ++(90:3.6) coordinate(C)\n($(C)!.15!(D)$) coordinate(F) ++(100:.5) coordinate(G) ($(D)!.15!(C)$) coordinate(E) ++(80:.5) coordinate(H)\n($(C)!.3!(D)$) coordinate(I) ++(-90:.3) coordinate(L) ($(D)!.3!(C)$) coordinate(J) ++(-90:.3) coordinate(K)\n($(A)!.13!(B)$) coordinate(M) ++(-90:.3) coordinate(Q) ($(B)!.13!(A)$) coordinate(N) ++(-90:.3) coordinate(P)\n($(A)!.5!(B)$) ++(-90:.1) coordinate(S);\n\\fill[green!50!black,rounded corners=2pt,draw=black] (E) -- (H) -- (G) -- (F);\n\\fill[pink,rounded corners=2pt,draw=black] (A) -- (B) -- (C) -- (D) -- cycle;\n\\fill[cyan!60,draw=black] (I) -- (J) -- (K) -- (L) -- cycle;\n\\fill[cyan!60,draw=black] (M) -- (N) -- (P) -- (Q) -- cycle;\n\\fill[red!90!yellow,draw=black] (S) .. controls ++(180:1) and ++(70:1) .. (-125:3.5) coordinate(T) -- (-55:3.5) coordinate(U) ..controls ++(110:1) and ++(0:1) .. cycle;\n\\path ($(T)!.23!(U)$) coordinate(a) ($(U)!.23!(T)$) coordinate(b) ($(T)!.5!(U)$) coordinate(d) ++(-90:1.2) coordinate(c)\n($(T)!.2!(U)$) coordinate(e) ($(T)!.4!(U)$) coordinate(f) ($(T)!.6!(U)$) coordinate(g) ($(T)!.8!(U)$) coordinate(h);\n\\draw (S) .. controls ++(180:.8) and ++(75:.8) .. (e) (S) .. controls ++(0:.8) and ++(105:.8) .. (h) (S) .. controls ++(180:.35) and ++(85:.5) .. (f) (S) .. controls ++(0:.35) and ++(95:.5) .. (g);\n\\fill[cyan, draw=black] (a) -- (b) -- (c) -- cycle;\n\\draw (c)--(d);\n\\fill[cyan!60,draw=black] (c) circle(4pt);\n\\fill[pink,draw=black] (0,0) coordinate(TT) circle(.65cm);\n\\fill[cyan,draw=black] (TT) circle(.5cm);\n\\draw[brown,line width=1pt] (0:.67) --++(0:.6) (180:.67) --++(180:.6);\n\\path ($(A)!.33!(D)$) coordinate(i) ++(90:.7) coordinate(j) ++(180:.3) coordinate(k) ($(i)+(k)-(j)$) coordinate(l) ($(B)!.33!(C)$) coordinate(m) ++(90:.7) coordinate(n) ++(0:.3) coordinate(p) ($(m)+(p)-(n)$) coordinate(q);\n\\fill[cyan!30,draw=black] (i)--(j)--(k)--(l)--cycle (m)--(n)--(p)--(q)--cycle;\n\\path (k) ++(90:1) coordinate(A1) ++(180:4.5) coordinate(B1) (l)++(-90:1) coordinate(D1) ($(B1)+(D1)-(A1)$) coordinate(C1) (p) ++(90:1) coordinate(A2) ++(0:4.5) coordinate(B2) (q)++(-90:1) coordinate(D2) ($(B2)+(D2)-(A2)$) coordinate(C2)\n($(A1)!.5!(D1)$) coordinate(M1) ($(C1)!.5!(B1)$) coordinate(N1) ($(A2)!.5!(D2)$) coordinate(M2) ($(C2)!.5!(B2)$) coordinate(N2)\n($(M1)!.25!(N1)$) coordinate(a1) ($(N1)!.25!(M1)$) coordinate(b1) ($(a1)!.5!(b1)$) coordinate(c1)\n($(M2)!.25!(N2)$) coordinate(a2) ($(N2)!.25!(M2)$) coordinate(b2) ($(a2)!.5!(b2)$) coordinate(c2);\n\\fill[blue!60!black,draw=black,rounded corners=1pt] (A1) -- (B1) -- (C1) -- (D1) -- cycle (A2)--(B2)--(C2)--(D2)--cycle;\n\\draw[cyan] (M1) -- (N1) (a1)-- ++(90:1.35) (a1)-- ++(-90:1.35) (b1)-- ++(90:1.35) (b1)-- ++(-90:1.35) (c1)-- ++(90:1.35) (c1)-- ++(-90:1.35);\n\\draw[cyan] (M2) -- (N2) (a2)-- ++(90:1.35) (a2)-- ++(-90:1.35) (b2)-- ++(90:1.35) (b2)-- ++(-90:1.35) (c2)-- ++(90:1.35) (c2)-- ++(-90:1.35);\n}}\n\\begin{scope}\n\\def\\R{3}\n\\path (0:0) coordinate(O) (90:\\R) coordinate(AA) (150:\\R) coordinate(BB);\n\\draw[dashed] (O) circle(\\R);\n\\path (0:0) coordinate(O) pic[scale=.7]{earth};\n\\path (142:\\R) pic[scale=.1,rotate=-35]{sat};\n\\draw[->] (O) -- (AA);\n\\draw[->] (O) -- (BB);\n\\end{scope}\n\\end{tikzpicture}','Thực tế,','2025-08-17 16:25:11',1),(82,'anonymous_202536180825.svg','\\begin{tikzpicture}\n\\definecolor{mu}{RGB}{237,27,36}\n\\definecolor{toc}{RGB}{1,0,102}\n\\definecolor{co}{RGB}{39,92,172}\n\\definecolor{da}{RGB}{255,255,255}\n\\definecolor{mat}{RGB}{53,94,80}\n\\definecolor{nenng}{RGB}{38, 35, 34}\n\\definecolor{nentr}{RGB}{56, 51, 51}\n\\definecolor{vangdam}{RGB}{99, 51, 0}\n\\definecolor{vanglat}{RGB}{227, 199, 128}\n\\definecolor{vangbien}{RGB}{202, 174, 110}\n\\fill[black]\n(-8,-6) rectangle(8,10) ;\n%========================================\n\\path(0,3)--++(-135:1.2)coordinate(a)--++(-60:.8)coordinate(c);\n\\path(0,2.4)--++(-135:.5)coordinate(e);\n%===============\n%body\n\\fill[vanglat]\n(0,3)--++(-45:1.2)coordinate(a)--++(-120:.8)coordinate(b)--\n(2,0)--(0,-2.2)--(-2,0)--(c)--++(120:.8)--cycle;\n%========================================\n\\fill[black]\n(0,2.4)--++(-45:.5)coordinate(d)--(0,1.5)--(e)--cycle;\n\n\\fill[black](1.47,0)--++(-130:1)--++(0,.5)\n--++(115:1.2)--++(0,.25)--cycle;\n\n\\fill[black](-1.47,0)--++(-50:1)--++(0,.5)\n--++(65:1.2)--++(0,.25)--cycle;\n%========================================\n%head\n\\path(0,3.12)--++(-135:.5)--++(135:.2)--++(0,.2)coordinate(f);\n\n\n\\fill[vanglat](0,3.12)--++(-45:.5)--++(45:.2)--++(0,.2){[rounded corners=2pt]--(0,3.6)}--(f)--++(0,-.2)--++(-45:.2)--cycle;\n\n%========================================\n%above legs\n\n\\def\\A{\n(0,3.12)++(-45:.6) coordinate (g)--++(45:.25)--++(0,1)\n--++(120:.4){[rounded corners=2pt]--++(-40:.5)}--++(0,-1.1)--([shift={(-45:.2)}]g)--cycle}\n\n\\fill[vanglat]\\A;\n\\fill[vanglat,xscale=-1]\\A;\n\\path(0,3.12)++(-45:1.25) coordinate (h);\n\\def\\B{(0,3.12)++(-45:1.25)--++(135:.3)--++(60:.5)coordinate(k)--++(93:5)--++(-45:.3)--([shift={(.25,-.1)}]k)--cycle}\n\\fill[vanglat]\\B;\n\\fill[vanglat,xscale=-1]\\B;\n%========================================\n%bellow legs\n\\def\\C{(0,2.4)++(-45:.5)\n++(-30:.5)--++(-120:.3)--++(-40:2.8)--++(-130:3.4)--++(10:.6)--++(45:3.5)--cycle}\n\n\\fill[vanglat]\\C;\n\\fill[vanglat,xscale=-1]\\C;\n\n\\def\\D{(0,2.4)++(-30:1.1)--++(60:1)--++(95:4)--++(-45:.6)--++(-80:4.2)--++(160:.6)--++(-125:.4)\n--++(-30:5)--++(-130:4)--++(-160:.8)--++(55:4)--cycle}\n\n\\fill[vanglat]\\D;\n\\fill[vanglat,xscale=-1]\\D;\n\n\n\n\n\n\n\n\n\n\n%========================================\n\n\n\\end{tikzpicture}','Logo, Học Tikz,','2025-08-18 13:25:36',1),(85,'anonymous_132339210825.svg','\\begin{tikzpicture}\n\\draw[red] (1,1) circle (1);\n\\fill (1,1) circle (1pt);\n\\end{tikzpicture}\n10\n','đường tròn,','2025-08-21 06:23:39',1),(93,'115852900894156127858_191017220825.svg','\n\\begin{tikzpicture}\n\\matrix (m) [matrix of nodes, nodes in empty cells, nodes={minimum width=1.5cm, minimum height=1.25cm, draw, anchor=center, align=center},\n             column sep=-\\pgflinewidth, row sep=-\\pgflinewidth]% Thiết lập ma trận\n{\n%Dòng số đo góc\n |[minimum width=3cm,minimum height=1.8cm]| &  |[minimum height=1.8cm]|$0^\\circ$ &  |[minimum height=1.8cm]|$30^\\circ$ & |[minimum height=1.8cm]| $45^\\circ$ &  |[minimum height=1.8cm]|$60^\\circ$ &  |[minimum height=1.8cm]| $90^\\circ$ & |[minimum height=1.8cm]|$120^{\\circ}$ & |[minimum height=1.8cm]|$135^{\\circ}$ & |[minimum height=1.8cm]|$150^{\\circ}$ & |[minimum height=1.8cm]|$180^{\\circ}$ \\\\  \n %Dòng sin\n |[minimum width=3cm]| $\\sin$ & $0$ & $\\frac{1}{2}$ & $\\frac{\\sqrt{2}}{2}$ & $\\frac{\\sqrt{3}}{2}$ & $1$ & & & & \\\\ \n%Dòng cos\n  |[minimum width=3cm]| $\\cos$ & $1$ & $\\frac{\\sqrt{3}}{2}$ & $\\frac{\\sqrt{2}}{2}$ & $\\frac{1}{2}$ & $0 $ & & & &\\\\ \n %Dòng tan\n  |[minimum width=3cm]| $\\tan $& $0$ & $\\frac{\\sqrt{3}}{3}$ & $1$ & $\\sqrt{3}$ & $||$  & & & &\\\\\n %Dòng cot\n |[minimum width=3cm]| $\\cot$ & $||$ & $\\sqrt{3}$ & $1$ & $\\frac{\\sqrt{3}}{3}$ & $0$  & & & & \\\\\n};\n% Vẽ ô góc chéo\n\\draw (m-1-1.north west) -- (m-1-1.south east);\n% Thêm nhãn vào ô chéo\n\\node[font=\\small,above right, align=center] at (m-1-1.south west) {Giá trị \\\\ lượng giác};\n\\node[font=\\small, below left] at (m-1-1.north east) {$\\alpha$};\n\\end{tikzpicture}','Học Tikz,','2025-08-22 12:10:17',1),(98,'115852900894156127858_060414240825.svg','\\definecolor{c1}{HTML}{667EEA} % #667eea\n	\\definecolor{c2}{HTML}{764BA2}\n	\\begin{tikzpicture}[scale=2]\n		\\pgfmathsetmacro{\\a}{1 + sqrt(5)}\n		\\pgfmathsetmacro{\\dr}{sqrt(2)/2 - 1/\\a}\n		\\tikzset{\n			myshape/.pic={\n				\\pgfmathsetmacro{\\a}{1 + sqrt(5)}\n				\\pgfmathsetmacro{\\dr}{sqrt(2)/2 - 1/\\a}\n				\\path[\n				shading=axis,\n				left color=c1, right color=c2,\n				shading angle=-45, draw=none\n				]\n				(0,0)\n				arc[start angle=0, end angle=45, radius={2/\\a}]\n				coordinate (Bprime)\n				arc[start angle=225, end angle=315, radius={2*\\dr}]\n				coordinate (Cprime)\n				arc[start angle=135, end angle=180, radius={2/\\a}]\n				-- cycle;\n			}\n		}\n		\\pic at (0:{1/\\a})  {myshape};\n		\\pic[rotate around={90:(0,0)}] at (1,1/\\a) {myshape};\n		\\pic[rotate around={180:(0,0)}] at (1-1/\\a,1) {myshape};\n		\\pic[rotate around={270:(0,0)}] at (0,1-1/\\a) {myshape};\n		\\fill[shading=axis,\n		left color=c1, right color=c2,\n		shading angle=-45, draw=none] (45:{sqrt(2)/2}) circle (1/\\a);\n	\\end{tikzpicture}','Logo','2025-08-23 23:04:14',1),(104,'116826298949961073776_201327240825.svg','\\begin{tikzpicture}\n\n\\draw (-2,0) -- (2,0);\n\\filldraw [red] (0,0) circle (4pt);\n\\draw (-2,-2) .. controls (0,0) .. (2,-2);\n\\draw (-2,2) .. controls (-1,0) and (1,0) .. (2,2);\n\n\\end{tikzpicture}','Học Tikz,','2025-08-24 13:13:27',2),(112,'116896879463870011935_155159060925.svg','\\begin{tikzpicture}\n\n\\draw (-2,0) -- (2,0);\n\\filldraw [red] (0,0) circle (4pt);\n\\draw (-2,-2) .. controls (0,0) .. (2,-2);\n\\draw (-2,2) .. controls (-1,0) and (1,0) .. (2,2);\n\n\\end{tikzpicture}','Thực tế,','2025-09-06 08:51:59',6),(113,'114753059215672971959_173220070925.svg','\\begin{tikzpicture}\n\n \\path[fill={rgb,255:red,255;green,167;blue,37}] (10.7,-7.12) .. controls (10.22,-5.81) and (9.25,-5.99) .. (8.7,-6.19) .. controls (6.99,-6.85) and (6.56,-7.25) .. (5.22,-8.33) .. controls (5.08,-8.44) and (4.9,-8.46) .. (4.74,-8.4) .. controls (-0.4,-6.33) and (-3.6,-7.82) .. (-4.7,-8.46) .. controls (-4.87,-8.56) and (-5.09,-8.54) .. (-5.25,-8.4) .. controls (-5.94,-7.79) and (-7.6,-6.62) .. (-8.32,-6.29) .. controls (-9.15,-5.91) and (-10.12,-5.67) .. (-10.67,-7.06) .. controls (-12.12,-10.55) and (-11.15,-14.42) .. (-10.91,-15.12) .. controls (-11.35,-16.12) and (-11.8,-18.62) .. (-11.65,-19.99) .. controls (-10.54,-21.11) and (-8.51,-21.99) .. (-5.38,-19.11) .. controls (-0.97,-15.49) and (0.17,-14.19) .. (5.15,-19.01) .. controls (7.67,-21.49) and (10.26,-21.53) .. (11.57,-19.74) .. controls (11.67,-18.45) and (11.43,-17.33) .. (10.91,-15.12) .. controls (11.95,-10.6) and (11.19,-8.44) .. (10.7,-7.12) -- cycle;\n\n \\path[fill={rgb,255:red,200;green,79;blue,0}] (-7.37,-10.2) .. controls (-7.24,-10.09) and (-7.18,-9.89) .. (-7.23,-9.72) .. controls (-7.41,-9.1) and (-7.94,-7.96) .. (-8.67,-7.25) .. controls (-9.24,-6.69) and (-9.73,-6.39) .. (-10.13,-6.25) .. controls (-10.34,-6.42) and (-10.52,-6.67) .. (-10.67,-7.05) .. controls (-12.12,-10.54) and (-11.15,-14.42) .. (-10.91,-15.12) .. controls (-9.92,-12.74) and (-8.12,-10.85) .. (-7.37,-10.2) -- cycle (-10.96,-15.24) .. controls (-10.95,-15.21) and (-10.94,-15.19) .. (-10.92,-15.15) .. controls (-10.94,-15.19) and (-10.95,-15.21) .. (-10.96,-15.24) -- cycle;\n\n \\path[fill={rgb,255:red,224;green,109;blue,0}] (-9.15,-6.94) .. controls (-9.15,-6.94) and (-10.29,-8.45) .. (-10,-13.36) .. controls (-10.4,-13.99) and (-10.94,-15.02) .. (-10.94,-15.02) .. controls (-10.94,-15.02) and (-12.61,-9.19) .. (-10.14,-6.25) .. controls (-9.83,-6.39) and (-9.15,-6.94) .. (-9.15,-6.94) -- cycle (7.44,-10.2) .. controls (7.31,-10.09) and (7.25,-9.89) .. (7.3,-9.72) .. controls (7.48,-9.1) and (8.01,-7.96) .. (8.74,-7.25) .. controls (9.31,-6.69) and (9.8,-6.39) .. (10.2,-6.25) .. controls (10.41,-6.42) and (10.59,-6.67) .. (10.74,-7.05) .. controls (12.19,-10.54) and (11.22,-14.42) .. (10.98,-15.12) .. controls (9.99,-12.74) and (8.19,-10.85) .. (7.44,-10.2) -- cycle (11.03,-15.24) .. controls (11.02,-15.21) and (11.01,-15.19) .. (10.99,-15.15) .. controls (11.01,-15.19) and (11.02,-15.21) .. (11.03,-15.24) -- cycle (9.22,-6.94) .. controls (9.22,-6.94) and (10.36,-8.45) .. (10.07,-13.36) .. controls (10.47,-13.99) and (11.01,-15.02) .. (11.01,-15.02) .. controls (11.01,-15.02) and (12.68,-9.19) .. (10.2,-6.25) .. controls (9.9,-6.39) and (9.22,-6.94) .. (9.22,-6.94) -- cycle;\n\n \\path[fill={rgb,255:red,255;green,137;blue,128}] (-1.56,-20.88 ) .. controls (-1.56,-20.88 ) and (-1.59,-23.09) .. (-0.04,-23.09) .. controls (1.51,-23.09) and (1.79,-20.77) .. (1.79,-20.77) .. controls (1.79,-20.77) and (0.49,-20.7) .. (-0.01,-20.3) .. controls (-0.49,-20.59) and (-1.56,-20.88 ) .. (-1.56,-20.88 ) -- cycle;\n\n \\path[fill={rgb,255:red,234;green,229;blue,225}] (-11.39,-20.22) .. controls (-11.39,-20.22) and (-8.54,-26.11) .. (0.41,-25.63) .. controls (2.83,-25.42) and (8.93,-24.71) .. (11.01,-20.33) .. controls (11.25,-20.12) and (11.6,-20.75) .. (11.6,-20.75) .. controls (11.6,-20.75) and (10.79,-26.56) .. (0.45,-26.96) .. controls (-5.02,-27.05) and (-10.7,-26.15) .. (-11.39,-20.22) -- cycle;\n\n \\path[fill={rgb,255:red,255;green,204;blue,96}] (-9.68,-6.25) .. controls (-9.68,-6.25) and (-7.5,-7.64) .. (-4.96,-9.79) .. controls (-3.43,-9.15) and (-0.81,-7.17) .. (5,-9.66) .. controls (5.75,-9.12) and (8.35,-6.79) .. (9.66,-6.45) .. controls (9.51,-6.16) and (7.77,-5.9) .. (5.22,-8.33) .. controls (3.73,-8.03) and (-0.32,-6.14) .. (-4.88,-8.5) .. controls (-6.23,-7.56) and (-8.13,-5.7) .. (-9.68,-6.25) -- cycle;\n\n \\path[fill] (-0.03,-16.76) .. controls (1.19,-16.7) and (2.11,-17.17) .. (1.9,-18.16) .. controls (1.69,-19.15) and (0.99,-19.74) .. (-0.04,-19.74) .. controls (-1.07,-19.74) and (-1.9,-18.79) .. (-1.94,-18.06) .. controls (-1.98,-17.32) and (-1.29,-16.73) .. (-0.03,-16.76) -- cycle (4.01,-16.09) .. controls (4.01,-16.09) and (4.14,-14.54) .. (5.82,-14.49) .. controls (7.49,-14.44) and (7.96,-16.06) .. (7.44,-16.91) .. controls (6.92,-17.76) and (5.73,-17.84) .. (4.97,-17.48 ) .. controls (4.21,-17.12) and (4,-16.56) .. (4.01,-16.09) -- cycle (-4.14,-16.09) .. controls (-4.14,-16.09) and (-4.27,-14.54) .. (-5.95,-14.49) .. controls (-7.63,-14.44) and (-8.09,-16.06) .. (-7.57,-16.91) .. controls (-7.06,-17.76) and (-5.86,-17.84) .. (-5.1,-17.48 ) .. controls (-4.34,-17.12) and (-4.13,-16.56) .. (-4.14,-16.09) -- cycle;\n\n \\path[fill=white] (3.13,-12.78 ) arc (180:0:1.36 and -1.11) arc (0:-180:1.36 and -1.11) -- cycle (-5.85,-12.78 ) arc (180:0:1.36 and -1.11) arc (0:-180:1.36 and -1.11) -- cycle (-5.64,-15.66)(-6.14,-15.66) arc (180:0:0.5 and -0.5) arc (0:-180:0.5 and -0.5) -- cycle (5.51,-15.66)(5,-15.66) arc (180:0:0.5 and -0.5) arc (0:-180:0.5 and -0.5) -- cycle (-0.86,-17.63) arc (180:0:0.88 and -0.36) arc (0:-180:0.88 and -0.36) -- cycle;\n\n \\path[fill={rgb,255:red,49;green,31;blue,27}] (-0.96,-27.27) .. controls (-2.14,-27.27) and (-4.12,-27.16) .. (-6.08,-26.53) .. controls (-9.47,-25.44) and (-11.48,-23.22) .. (-11.91,-20.09) .. controls (-12.08,-18.74) and (-11.66,-16.23) .. (-11.2,-15.11) .. controls (-11.4,-14.43) and (-12.42,-10.57) .. (-10.92,-6.95) .. controls (-10.69,-6.37) and (-10.36,-5.99) .. (-9.94,-5.83) .. controls (-9.35,-5.59) and (-8.7,-5.82) .. (-8.2,-6.05) .. controls (-7.48,-6.38 ) and (-5.8,-7.56) .. (-5.07,-8.2) .. controls (-5,-8.26) and (-4.9,-8.27) .. (-4.83,-8.22) .. controls (-3.32,-7.35) and (-0.07,-6.17) .. (4.84,-8.15) .. controls (4.91,-8.18 ) and (4.99,-8.16) .. (5.05,-8.12) .. controls (6.16,-7.14) and (7.22,-6.49) .. (8.6,-5.94) .. controls (9.15,-5.73) and (9.63,-5.72) .. (10.04,-5.91) .. controls (10.44,-6.09) and (10.76,-6.47) .. (10.96,-7.03) .. controls (11.44,-8.33) and (12.24,-10.5) .. (11.19,-15.12) .. controls (11.85,-17.9) and (12.05,-18.97) .. (11.7,-20.87) .. controls (11.38,-22.61) and (8.71,-27.16) .. (0.33,-27.24) .. controls (0.2,-27.24) and (0.07,-27.24) .. (-0.05,-27.25) .. controls (-0.24,-27.26) and (-0.56,-27.27) .. (-0.96,-27.27) -- cycle (-9.4,-6.27) .. controls (-9.52,-6.27) and (-9.63,-6.28 ) .. (-9.74,-6.33) .. controls (-10.02,-6.44) and (-10.24,-6.72) .. (-10.42,-7.15) .. controls (-11.74,-10.33) and (-11.01,-14) .. (-10.66,-15.03) .. controls (-10.63,-15.1) and (-10.64,-15.17) .. (-10.66,-15.23) .. controls (-11.11,-16.24) and (-11.53,-18.74) .. (-11.37,-20.02) .. controls (-10.97,-22.97) and (-9.13,-24.98 ) .. (-5.92,-26.02) .. controls (-3.38,-26.83) and (-0.81,-26.75) .. (-0.09,-26.71) .. controls (0.04,-26.7) and (0.18,-26.7) .. (0.32,-26.7) .. controls (8.33,-26.62) and (10.86,-22.39) .. (11.16,-20.77) .. controls (11.5,-18.96) and (11.31,-17.98 ) .. (10.65,-15.18 ) .. controls (10.5,-14.56) and (12.04,-11.53) .. (10.45,-7.22) .. controls (10.3,-6.8 ) and (10.08,-6.52) .. (9.81,-6.4) .. controls (9.54,-6.28 ) and (9.2,-6.29) .. (8.79,-6.44) .. controls (7.49,-6.86) and (6.44,-7.7) .. (5.39,-8.54) .. controls (5.17,-8.71) and (4.89,-8.75) .. (4.63,-8.65) .. controls (-0.06,-6.76) and (-3.14,-7.87) .. (-4.56,-8.69) .. controls (-4.84,-8.85) and (-5.19,-8.82) .. (-5.43,-8.6) .. controls (-6.12,-8 ) and (-7.76,-6.85) .. (-8.43,-6.54) .. controls (-8.72,-6.4) and (-9.07,-6.27) .. (-9.4,-6.27) -- cycle;\n\n \\path[fill={rgb,255:red,49;green,31;blue,27}] (11.19,-15.12) .. controls (12.45,-9.63) and (11,-6.37) .. (10.04,-5.91) .. controls (9.63,-5.72) and (9.15,-5.73) .. (8.6,-5.93) .. controls (7.24,-6.37) and (6.14,-7.24) .. (5.05,-8.12) .. controls (4.99,-8.17) and (4.91,-8.18 ) .. (4.84,-8.15) .. controls (-0.07,-6.17) and (-3.32,-7.35) .. (-4.83,-8.22) .. controls (-4.9,-8.27) and (-5,-8.26) .. (-5.07,-8.2) .. controls (-5.48,-7.84) and (-8.51,-5.25) .. (-9.94,-5.83) .. controls (-10.95,-6.23) and (-12.64,-10.43) .. (-11.2,-15.11) .. controls (-11.64,-16.2) and (-12.06,-18.65) .. (-11.91,-20.01) .. controls (-11.9,-20.15) and (-10.91,-21.31) .. (-9.27,-21.31) .. controls (-7.39,-21.28 ) and (-6.07,-20.03) .. (-4.71,-18.91) .. controls (-0.72,-15.61) and (0.35,-14.73) .. (4.97,-19.2) .. controls (6.42,-20.63) and (8,-21.36) .. (9.41,-21.24) .. controls (11.08,-21.11) and (11.84,-19.86) .. (11.85,-19.76) .. controls (11.94,-18.42) and (11.69,-17.24) .. (11.19,-15.12) -- cycle (10.82,-14.26) .. controls (10.81,-14.28 ) and (10.81,-14.31) .. (10.8,-14.33) .. controls (9.81,-12.34) and (8.31,-10.7) .. (7.51,-10) .. controls (7.45,-9.94) and (7.42,-9.86) .. (7.45,-9.79) .. controls (7.78,-8.61) and (8.81,-7.09) .. (10.03,-6.57) .. controls (11.4,-8.7) and (11.28,-11.83) .. (10.82,-14.26) -- cycle (-10.85,-14.33) .. controls (-11.69,-10.98 ) and (-10.76,-7.39) .. (-10.07,-6.56) .. controls (-8.84,-7.09) and (-7.82,-8.62) .. (-7.49,-9.78 ) .. controls (-7.47,-9.86) and (-7.49,-9.94) .. (-7.55,-9.99) .. controls (-8.35,-10.7) and (-9.86,-12.34) .. (-10.85,-14.33) -- cycle (11.31,-19.64) .. controls (10.82,-20.27) and (10.15,-20.64) .. (9.37,-20.7) .. controls (8.11,-20.8 ) and (6.69,-20.13) .. (5.34,-18.81) .. controls (0.38,-14) and (-0.99,-15.13) .. (-5.06,-18.49) .. controls (-6.89,-20.11) and (-9.14,-21.71) .. (-11.38,-19.86) .. controls (-11.49,-18.54) and (-11.08,-16.17) .. (-10.66,-15.23) .. controls (-10.66,-15.23) and (-10.66,-15.23) .. (-10.66,-15.23) .. controls (-10.62,-15.1) and (-9.31,-12.26) .. (-7.2,-10.4) .. controls (-6.98,-10.21) and (-6.89,-9.91) .. (-6.97,-9.64) .. controls (-7.18,-8.9) and (-7.93,-7.2) .. (-9.47,-6.27) .. controls (-7.94,-6.42) and (-6.56,-7.65) .. (-5.43,-8.6) .. controls (-5.18,-8.82) and (-4.83,-8.85) .. (-4.56,-8.69) .. controls (-3.14,-7.86) and (-0.06,-6.76) .. (4.64,-8.65) .. controls (4.89,-8.75) and (5.18,-8.71) .. (5.39,-8.54) .. controls (7.29,-6.87) and (8.98,-6.33) .. (9.35,-6.32) .. controls (9.05,-6.5) and (8.75,-6.75) .. (8.44,-7.06) .. controls (7.65,-7.82) and (7.1,-9.02) .. (6.92,-9.64) .. controls (6.85,-9.91) and (6.93,-10.21) .. (7.15,-10.4) .. controls (8,-11.15) and (9.7,-13.01) .. (10.62,-15.22) .. controls (10.68,-15.37) and (11.42,-17.82) .. (11.31,-19.64) -- cycle;\n\n \\path[fill={rgb,255:red,49;green,31;blue,27}] (3.31,-18.91) .. controls (3.16,-18.88 ) and (3.02,-18.97) .. (2.99,-19.12) .. controls (2.98,-19.13) and (2.77,-20.06) .. (2.07,-20.34) .. controls (1.56,-20.54) and (0.9,-20.38 ) .. (0.11,-19.85) .. controls (0.01,-19.78 ) and (-0.12,-19.79) .. (-0.21,-19.87) .. controls (-0.84,-20.39) and (-1.4,-20.59) .. (-1.88,-20.45) .. controls (-2.69,-20.22) and (-3.06,-19.1) .. (-3.06,-19.09) arc (342.16:252.06:0.27 and -0.27) arc (252.16:162.06:0.27 and -0.27) .. controls (-3.56,-19.32) and (-3.12,-20.66) .. (-2.03,-20.97) .. controls (-2.03,-20.98 ) and (-2.03,-20.98 ) .. (-2.02,-20.98 ) .. controls (-1.94,-21.62) and (-1.56,-23.57) .. (-0.04,-23.57) .. controls (1.57,-23.57) and (2.12,-21.7) .. (2.16,-20.88 ) .. controls (2.2,-20.87) and (2.24,-20.86) .. (2.27,-20.84) .. controls (3.24,-20.45) and (3.5,-19.29) .. (3.51,-19.23) .. controls (3.55,-19.09) and (3.46,-18.94) .. (3.31,-18.91) -- cycle (-0.03,-23.03) .. controls (-1.03,-23.03) and (-1.37,-21.65) .. (-1.46,-21.03) .. controls (-1.01,-21) and (-0.52,-20.8 ) .. (-0.02,-20.41) .. controls (0.58,-20.79) and (1.12,-20.96) .. (1.61,-20.96) .. controls (1.53,-21.56) and (1.15,-23.03) .. (-0.03,-23.03) -- cycle;\n\n \\end{tikzpicture}','nghệ thuật,','2025-09-07 10:32:21',10),(118,'106711555120517947693_143136230925.svg','\\begin{tikzpicture}\n\n\\draw (-2,0) -- (2,0);\n\\filldraw [red] (0,0) circle (4pt);\n\\draw (-2,-2) .. controls (0,0) .. (2,-2);\n\\draw (-2,2) .. controls (-1,0) and (1,0) .. (2,2);\n\n\\end{tikzpicture}','Đồ thị,','2025-09-23 07:31:36',16),(119,'110078638093684817345_181311240925.svg','\\tikz \\draw (2,0) coordinate (A) -- (0,0) coordinate (B)\n\n         -- (1,1) coordinate (C)\n\n  pic [\"$\\alpha$\", draw, ->] {angle};','Học Tikz,','2025-09-24 11:13:11',14),(120,'106711555120517947693_140859260925.svg','\\tikz \\draw[cyan] (2,0) coordinate (A) -- (0,0) coordinate (B)\n\n         -- (1,1) coordinate (C)\n\n  pic [\"$\\alpha$\", draw, ->] {angle};','Học Tikz,','2025-09-26 07:08:59',16);
/*!40000 ALTER TABLE `svg_image` ENABLE KEYS */;
UNLOCK TABLES;

--
-- Table structure for table `svg_image_keyword`
--

DROP TABLE IF EXISTS `svg_image_keyword`;
/*!40101 SET @saved_cs_client     = @@character_set_client */;
/*!50503 SET character_set_client = utf8mb4 */;
CREATE TABLE `svg_image_keyword` (
  `id` int NOT NULL AUTO_INCREMENT,
  `svg_image_id` int NOT NULL,
  `keyword_id` int NOT NULL,
  PRIMARY KEY (`id`),
  KEY `svg_image_id` (`svg_image_id`),
  KEY `keyword_id` (`keyword_id`),
  CONSTRAINT `svg_image_keyword_ibfk_1` FOREIGN KEY (`svg_image_id`) REFERENCES `svg_image` (`id`),
  CONSTRAINT `svg_image_keyword_ibfk_2` FOREIGN KEY (`keyword_id`) REFERENCES `keyword` (`id`)
) ENGINE=InnoDB AUTO_INCREMENT=116 DEFAULT CHARSET=utf8mb4 COLLATE=utf8mb4_unicode_ci;
/*!40101 SET character_set_client = @saved_cs_client */;

--
-- Dumping data for table `svg_image_keyword`
--

LOCK TABLES `svg_image_keyword` WRITE;
/*!40000 ALTER TABLE `svg_image_keyword` DISABLE KEYS */;
INSERT INTO `svg_image_keyword` VALUES (3,13,7),(4,14,5),(6,16,7),(7,17,7),(8,18,4),(10,20,3),(11,21,2),(12,22,8),(13,23,9),(14,23,10),(15,24,4),(16,24,9),(17,25,7),(18,26,1),(19,26,11),(20,27,5),(21,28,7),(24,31,3),(25,32,11),(26,32,5),(28,34,7),(30,39,7),(31,39,12),(34,41,11),(41,47,11),(42,48,14),(43,49,14),(44,50,14),(45,51,14),(47,53,14),(51,57,14),(54,60,11),(55,61,14),(56,62,14),(57,63,7),(65,71,14),(66,72,14),(67,73,14),(68,74,14),(70,76,14),(73,79,17),(75,81,9),(76,82,18),(77,82,14),(80,85,5),(88,93,14),(93,98,18),(99,104,14),(107,112,9),(108,113,3),(113,118,16),(114,119,14),(115,120,14);
/*!40000 ALTER TABLE `svg_image_keyword` ENABLE KEYS */;
UNLOCK TABLES;

--
-- Table structure for table `svg_like`
--

DROP TABLE IF EXISTS `svg_like`;
/*!40101 SET @saved_cs_client     = @@character_set_client */;
/*!50503 SET character_set_client = utf8mb4 */;
CREATE TABLE `svg_like` (
  `id` int NOT NULL AUTO_INCREMENT,
  `user_id` int NOT NULL,
  `svg_image_id` int NOT NULL,
  `created_at` datetime DEFAULT CURRENT_TIMESTAMP,
  PRIMARY KEY (`id`),
  UNIQUE KEY `unique_like` (`user_id`,`svg_image_id`),
  KEY `fk_like_svg` (`svg_image_id`),
  CONSTRAINT `fk_like_svg` FOREIGN KEY (`svg_image_id`) REFERENCES `svg_image` (`id`) ON DELETE CASCADE,
  CONSTRAINT `fk_like_user` FOREIGN KEY (`user_id`) REFERENCES `user` (`id`) ON DELETE CASCADE
) ENGINE=InnoDB AUTO_INCREMENT=459 DEFAULT CHARSET=utf8mb4 COLLATE=utf8mb4_unicode_ci;
/*!40101 SET character_set_client = @saved_cs_client */;

--
-- Dumping data for table `svg_like`
--

LOCK TABLES `svg_like` WRITE;
/*!40000 ALTER TABLE `svg_like` DISABLE KEYS */;
INSERT INTO `svg_like` VALUES (22,1,26,'2025-07-20 06:35:58'),(30,6,34,'2025-07-20 08:17:09'),(61,2,50,'2025-07-20 15:30:15'),(62,2,48,'2025-07-20 15:55:58'),(68,1,50,'2025-07-21 04:14:06'),(69,6,21,'2025-07-21 15:49:20'),(79,2,49,'2025-07-23 21:15:31'),(81,2,51,'2025-07-24 05:32:17'),(85,2,34,'2025-07-24 23:45:58'),(89,1,48,'2025-07-25 15:36:07'),(110,5,57,'2025-07-25 16:40:29'),(116,5,53,'2025-07-25 17:05:55'),(137,1,41,'2025-07-25 18:12:18'),(139,2,41,'2025-07-25 18:12:46'),(165,2,27,'2025-07-26 01:29:44'),(171,2,24,'2025-07-26 01:47:18'),(179,1,24,'2025-07-26 15:14:47'),(183,1,53,'2025-07-26 15:28:05'),(206,6,41,'2025-07-26 23:09:07'),(258,2,57,'2025-07-27 07:35:01'),(259,6,57,'2025-07-27 07:36:19'),(266,6,53,'2025-07-27 07:47:52'),(268,6,51,'2025-07-27 08:07:14'),(269,6,20,'2025-07-27 08:07:49'),(278,1,16,'2025-07-27 13:08:49'),(285,1,39,'2025-07-27 16:05:54'),(294,1,17,'2025-07-30 13:51:32'),(296,1,22,'2025-07-30 13:51:35'),(301,1,28,'2025-07-30 14:52:30'),(302,1,21,'2025-07-31 01:45:44'),(304,1,47,'2025-07-31 01:47:52'),(305,1,20,'2025-07-31 01:49:56'),(309,1,51,'2025-07-31 15:02:56'),(314,5,31,'2025-08-01 05:11:25'),(315,1,31,'2025-08-01 05:12:00'),(316,1,49,'2025-08-01 15:58:53'),(321,1,25,'2025-08-05 10:01:32'),(325,2,61,'2025-08-06 02:16:21'),(329,6,62,'2025-08-07 04:47:23'),(337,2,62,'2025-08-11 15:10:06'),(340,1,63,'2025-08-13 15:25:43'),(341,1,74,'2025-08-16 07:53:07'),(342,1,76,'2025-08-16 15:47:27'),(344,1,23,'2025-08-20 06:04:42'),(348,2,82,'2025-08-20 16:33:52'),(351,1,85,'2025-08-21 16:45:48'),(357,2,93,'2025-08-22 22:57:51'),(361,2,98,'2025-08-24 05:38:59'),(375,1,82,'2025-09-02 07:40:53'),(379,1,62,'2025-09-02 08:41:13'),(382,10,98,'2025-09-03 17:12:16'),(407,2,39,'2025-09-06 06:29:22'),(414,2,104,'2025-09-06 06:36:57'),(417,1,81,'2025-09-06 06:52:34'),(421,1,104,'2025-09-06 07:08:23'),(426,1,18,'2025-09-07 05:39:46'),(427,1,60,'2025-09-07 05:39:54'),(430,1,98,'2025-09-09 01:33:42'),(439,14,113,'2025-09-20 16:25:33'),(442,16,113,'2025-09-23 14:58:04'),(444,14,119,'2025-09-24 11:13:18'),(445,16,119,'2025-09-24 11:27:36'),(446,6,120,'2025-09-26 07:52:25'),(448,10,120,'2025-09-26 08:55:41'),(449,16,120,'2025-09-26 22:56:50'),(450,6,119,'2025-09-26 22:58:09'),(451,18,120,'2025-09-26 23:00:49'),(452,1,120,'2025-09-29 07:29:39'),(455,1,119,'2025-10-03 23:51:16'),(456,1,118,'2025-10-03 23:51:25'),(457,1,93,'2025-10-04 00:00:31');
/*!40000 ALTER TABLE `svg_like` ENABLE KEYS */;
UNLOCK TABLES;

--
-- Table structure for table `user`
--

DROP TABLE IF EXISTS `user`;
/*!40101 SET @saved_cs_client     = @@character_set_client */;
/*!50503 SET character_set_client = utf8mb4 */;
CREATE TABLE `user` (
  `id` int NOT NULL AUTO_INCREMENT,
  `username` varchar(255) CHARACTER SET utf8mb4 COLLATE utf8mb4_unicode_ci DEFAULT NULL,
  `bio` text COLLATE utf8mb4_unicode_ci,
  `email` varchar(255) CHARACTER SET utf8mb4 COLLATE utf8mb4_unicode_ci DEFAULT NULL,
  `google_id` varchar(255) CHARACTER SET utf8mb4 COLLATE utf8mb4_unicode_ci DEFAULT NULL,
  `avatar` varchar(255) CHARACTER SET utf8mb4 COLLATE utf8mb4_unicode_ci DEFAULT NULL,
  `rank` varchar(50) CHARACTER SET utf8mb4 COLLATE utf8mb4_unicode_ci DEFAULT NULL,
  `score` int DEFAULT '0',
  `created_at` datetime DEFAULT CURRENT_TIMESTAMP,
  `profile_verification_code` varchar(10) COLLATE utf8mb4_unicode_ci DEFAULT NULL COMMENT 'Mã xác thực thay đổi profile (6-10 ký tự)',
  `profile_verification_expires_at` datetime DEFAULT NULL COMMENT 'Thời gian hết hạn mã xác thực',
  `pending_profile_changes` json DEFAULT NULL COMMENT 'Lưu thay đổi profile đang chờ xác thực (username, bio, avatar)',
  `profile_verification_attempts` int DEFAULT '0' COMMENT 'Số lần thử xác thực sai',
  `identity_verified` tinyint(1) DEFAULT '0' COMMENT 'Trạng thái xác thực danh tính người dùng',
  `identity_verification_code` varchar(6) COLLATE utf8mb4_unicode_ci DEFAULT NULL COMMENT 'Mã xác thực danh tính',
  `identity_verification_expires_at` datetime DEFAULT NULL COMMENT 'Thời gian hết hạn mã xác thực danh tính',
  `identity_verification_attempts` int DEFAULT '0' COMMENT 'Số lần thử xác thực danh tính',
  `profile_verification_usage_count` int DEFAULT '0' COMMENT 'Số lần mã xác thực đã được sử dụng thành công (max 5 lần)',
  PRIMARY KEY (`id`),
  UNIQUE KEY `username` (`username`),
  UNIQUE KEY `google_id` (`google_id`),
  UNIQUE KEY `uniq_email` (`email`),
  UNIQUE KEY `uniq_google_id` (`google_id`),
  KEY `idx_profile_verification_code` (`profile_verification_code`),
  KEY `idx_profile_verification_expires` (`profile_verification_expires_at`),
  KEY `idx_identity_verified` (`identity_verified`),
  KEY `idx_identity_verification_code` (`identity_verification_code`),
  KEY `idx_profile_verification_usage` (`profile_verification_usage_count`)
) ENGINE=InnoDB AUTO_INCREMENT=19 DEFAULT CHARSET=utf8mb4 COLLATE=utf8mb4_unicode_ci COMMENT='Bảng người dùng với hỗ trợ xác thực email và danh tính';
/*!40101 SET character_set_client = @saved_cs_client */;

--
-- Dumping data for table `user`
--

LOCK TABLES `user` WRITE;
/*!40000 ALTER TABLE `user` DISABLE KEYS */;
INSERT INTO `user` VALUES (1,'Hiệp-54','<p><span style=\"color: rgb(0, 188, 212);\">!+2=3</span></p><p><span style=\"color: rgb(0, 188, 212);\">ABC</span></p><p><span style=\"color: rgb(0, 188, 212);\">Xin chào các bạn</span></p><ol><li>Một</li><li>Hai</li><li>Tamk</li></ol>','pkenhiep@gmail.com','115852900894156127858','avatar_e0afab6106a24d0d945e9acbd66c42db.png',NULL,0,'2025-07-05 23:51:34','169889','2025-09-14 03:22:47',NULL,0,1,NULL,NULL,0,1),(2,'Hiệp1987','<ol><li><span style=\"color: rgb(255, 235, 59);\">Xin chào tất cả</span></li><li><span style=\"color: rgb(255, 255, 255);\">THôi chào</span></li><li><br></li></ol><p><span style=\"color: rgb(255, 255, 255);\">✅&nbsp;Chuyên nghiệp: Màu xanh dương tạo cảm&nbsp;giác tin cậy và hiện&nbsp;đại 5</span></p><h2><strong style=\"color: rgb(255, 255, 255);\">Chào</strong></h2>','datahiep93@gmail.com','116826298949961073776','avatar_15f66df3998540cb973d4c1b3c0f84bf.png',NULL,0,'2025-07-05 23:55:47',NULL,NULL,NULL,0,1,NULL,NULL,0,0),(5,'Quávui🐱','<ul><li><strong>Email liên hệ:</strong> hiep.data.tk@gmail.com</li><li><em style=\"color: rgb(0, 102, 204);\">Tôi thích Tikz và Latex</em></li><li><strong style=\"color: rgb(0, 97, 0);\">Cám ơn các bạn đã theo dõi trang tôi!</strong></li><li><strong style=\"color: rgb(0, 97, 0);\">1234</strong></li></ul>','hiep.data.tk@gmail.com','111837470933223227528','avatar_6e44d63b109a448799d0bf4efc514a2d.png',NULL,0,'2025-07-08 01:49:35',NULL,NULL,NULL,0,1,NULL,NULL,0,0),(6,'Hiepnig04','<p><strong>Tôi tên </strong><strong style=\"color: rgb(255, 235, 59);\">Lê Quốc Hiệp</strong></p>','nighiep03@gmail.com','116896879463870011935','avatar_981ea111072146589fa26c214c492b77.png',NULL,0,'2025-07-09 15:34:10',NULL,NULL,NULL,0,0,NULL,NULL,0,0),(9,'bui huy phuc','<p>None</p>','buihuyphucilml20853@gmail.com','102859326036449208204','avatar_de907279ad2d4cb3ae6ad6f13bc21abd.png',NULL,0,'2025-08-25 23:45:22','547891','2025-08-28 09:27:42','{\"bio\": \"\", \"username\": \"bui huyphuc\", \"avatar_file\": null, \"avatar_cropped_data\": \"\"}',0,0,NULL,NULL,0,0),(10,'quochiep0504','<p><strong style=\"color: rgb(255, 235, 59);\">xin chào</strong></p>','quochiep0504@gmail.com','114753059215672971959','avatar_d88cda2132b548b1b3adda08760fb785.png',NULL,0,'2025-08-26 09:12:17','685787','2025-10-01 13:25:56','{\"bio\": \"<p><strong style=\\\"color: rgb(255, 235, 59);\\\">xin chào</strong></p>\", \"username\": \"quochiep05\", \"avatar_file\": null, \"avatar_cropped_data\": \"\"}',0,1,NULL,NULL,0,0),(14,'hiepnig2','<p>Xin chào các bạn nhé</p><p><span style=\"color: rgb(156, 39, 176);\">Qwert</span></p>','hiepnig2@gmail.com','110078638093684817345','avatar_1ff4161cc8ba41048b832c1808ccc5bc.png',NULL,0,'2025-09-20 16:18:54','555107','2025-09-20 16:30:11',NULL,0,0,NULL,NULL,0,2),(15,'nguyenkieutien4550',NULL,'nguyenkieutien4550@gmail.com','112898068374582114094',NULL,NULL,0,'2025-09-21 00:21:16',NULL,NULL,NULL,0,0,NULL,NULL,0,0),(16,'lucdo🍙','<p>Xin chào <span style=\"color: rgb(255, 87, 34);\">All</span></p>','lucdo.dat58640@gmail.com','106711555120517947693','avatar_f579f9e51a9a4ac389d0c28d8391a5a4.png',NULL,0,'2025-09-23 02:00:09','265774','2025-09-26 04:40:52',NULL,0,1,NULL,NULL,0,1),(18,'hiep_data_dp',NULL,'hiep.data.dp@gmail.com','102505005447023189722',NULL,NULL,0,'2025-09-26 11:49:42',NULL,NULL,NULL,0,0,NULL,NULL,0,0);
/*!40000 ALTER TABLE `user` ENABLE KEYS */;
UNLOCK TABLES;

--
-- Table structure for table `user_action_log`
--

DROP TABLE IF EXISTS `user_action_log`;
/*!40101 SET @saved_cs_client     = @@character_set_client */;
/*!50503 SET character_set_client = utf8mb4 */;
CREATE TABLE `user_action_log` (
  `id` int NOT NULL AUTO_INCREMENT,
  `user_id` int NOT NULL,
  `target_user_id` int DEFAULT NULL,
  `target_svg_id` int DEFAULT NULL,
  `action_type` enum('follow','unfollow','like','unlike') COLLATE utf8mb4_unicode_ci NOT NULL,
  `created_at` datetime DEFAULT CURRENT_TIMESTAMP,
  PRIMARY KEY (`id`),
  KEY `fk_action_user` (`user_id`),
  KEY `fk_action_target_user` (`target_user_id`),
  KEY `fk_action_svg` (`target_svg_id`),
  CONSTRAINT `fk_action_svg` FOREIGN KEY (`target_svg_id`) REFERENCES `svg_image` (`id`) ON DELETE CASCADE,
  CONSTRAINT `fk_action_target_user` FOREIGN KEY (`target_user_id`) REFERENCES `user` (`id`) ON DELETE CASCADE,
  CONSTRAINT `fk_action_user` FOREIGN KEY (`user_id`) REFERENCES `user` (`id`) ON DELETE CASCADE
) ENGINE=InnoDB AUTO_INCREMENT=805 DEFAULT CHARSET=utf8mb4 COLLATE=utf8mb4_unicode_ci;
/*!40101 SET character_set_client = @saved_cs_client */;

--
-- Dumping data for table `user_action_log`
--

LOCK TABLES `user_action_log` WRITE;
/*!40000 ALTER TABLE `user_action_log` DISABLE KEYS */;
INSERT INTO `user_action_log` VALUES (1,2,1,NULL,'follow','2025-07-19 16:30:03'),(2,2,1,NULL,'unfollow','2025-07-19 16:43:06'),(3,2,1,NULL,'follow','2025-07-19 16:43:56'),(4,2,1,NULL,'unfollow','2025-07-19 16:46:20'),(5,2,1,NULL,'follow','2025-07-19 16:46:21'),(6,2,5,NULL,'follow','2025-07-19 16:50:03'),(7,2,5,NULL,'unfollow','2025-07-19 16:50:57'),(8,2,5,NULL,'follow','2025-07-19 17:03:18'),(9,2,6,NULL,'follow','2025-07-19 17:03:28'),(10,5,1,NULL,'follow','2025-07-19 17:04:06'),(11,5,2,NULL,'follow','2025-07-19 17:04:16'),(12,5,6,NULL,'follow','2025-07-19 17:04:36'),(13,1,2,NULL,'follow','2025-07-19 17:11:32'),(14,1,5,NULL,'follow','2025-07-19 17:11:55'),(15,1,6,NULL,'follow','2025-07-19 17:12:05'),(16,1,6,NULL,'unfollow','2025-07-19 17:12:11'),(17,1,6,NULL,'follow','2025-07-19 17:12:12'),(18,2,1,NULL,'unfollow','2025-07-20 00:30:54'),(19,2,1,NULL,'follow','2025-07-20 00:30:59'),(20,1,2,NULL,'unfollow','2025-07-20 06:37:01'),(21,1,2,NULL,'follow','2025-07-20 06:37:02'),(22,2,6,NULL,'unfollow','2025-07-20 08:17:14'),(23,2,6,NULL,'follow','2025-07-20 08:17:15'),(24,6,5,NULL,'follow','2025-07-20 08:42:09'),(25,1,5,NULL,'unfollow','2025-07-23 21:14:39'),(26,1,5,NULL,'follow','2025-07-23 21:14:40'),(27,2,NULL,49,'like','2025-07-23 21:15:31'),(28,2,NULL,53,'like','2025-07-23 21:16:16'),(29,2,NULL,51,'like','2025-07-24 05:32:17'),(30,2,NULL,51,'like','2025-07-24 05:32:17'),(31,2,NULL,41,'like','2025-07-24 23:45:57'),(32,2,NULL,41,'like','2025-07-24 23:45:57'),(33,2,NULL,34,'like','2025-07-24 23:45:58'),(34,2,NULL,34,'like','2025-07-24 23:45:58'),(37,1,NULL,48,'like','2025-07-25 15:36:07'),(38,1,NULL,48,'like','2025-07-25 15:36:07'),(43,6,NULL,57,'like','2025-07-25 16:07:44'),(44,6,NULL,57,'like','2025-07-25 16:07:44'),(45,6,NULL,57,'unlike','2025-07-25 16:08:07'),(46,6,NULL,57,'unlike','2025-07-25 16:08:07'),(47,6,NULL,57,'like','2025-07-25 16:08:14'),(48,6,NULL,57,'like','2025-07-25 16:08:14'),(49,5,NULL,57,'like','2025-07-25 16:09:00'),(50,6,NULL,57,'unlike','2025-07-25 16:09:51'),(51,6,NULL,57,'unlike','2025-07-25 16:09:51'),(52,6,NULL,57,'like','2025-07-25 16:10:12'),(53,6,NULL,57,'like','2025-07-25 16:10:12'),(54,5,NULL,57,'unlike','2025-07-25 16:10:19'),(55,5,NULL,57,'like','2025-07-25 16:11:20'),(56,5,NULL,57,'unlike','2025-07-25 16:11:23'),(57,5,NULL,57,'like','2025-07-25 16:11:45'),(58,6,NULL,57,'unlike','2025-07-25 16:12:02'),(59,6,NULL,57,'unlike','2025-07-25 16:12:02'),(60,5,NULL,57,'unlike','2025-07-25 16:12:23'),(61,6,NULL,57,'like','2025-07-25 16:20:06'),(62,6,NULL,57,'like','2025-07-25 16:20:06'),(63,5,NULL,57,'like','2025-07-25 16:20:24'),(67,6,NULL,57,'unlike','2025-07-25 16:34:12'),(68,6,NULL,57,'unlike','2025-07-25 16:34:12'),(69,6,NULL,57,'like','2025-07-25 16:34:17'),(70,6,NULL,57,'like','2025-07-25 16:34:17'),(71,5,NULL,57,'unlike','2025-07-25 16:35:03'),(72,5,NULL,57,'like','2025-07-25 16:37:17'),(73,5,NULL,57,'unlike','2025-07-25 16:38:13'),(74,6,NULL,57,'unlike','2025-07-25 16:38:31'),(75,6,NULL,57,'unlike','2025-07-25 16:38:31'),(76,6,NULL,57,'like','2025-07-25 16:40:09'),(77,6,NULL,57,'like','2025-07-25 16:40:09'),(78,5,NULL,57,'like','2025-07-25 16:40:29'),(86,5,NULL,53,'like','2025-07-25 17:05:07'),(87,5,NULL,53,'unlike','2025-07-25 17:05:55'),(88,5,NULL,53,'unlike','2025-07-25 17:05:55'),(89,5,NULL,53,'like','2025-07-25 17:05:55'),(90,5,NULL,53,'like','2025-07-25 17:05:55'),(92,6,1,NULL,'follow','2025-07-25 17:11:39'),(96,1,NULL,57,'like','2025-07-25 17:30:08'),(97,1,NULL,57,'like','2025-07-25 17:30:08'),(98,1,NULL,57,'unlike','2025-07-25 17:30:22'),(99,1,NULL,57,'like','2025-07-25 17:31:17'),(100,1,NULL,57,'unlike','2025-07-25 17:32:28'),(101,1,NULL,57,'unlike','2025-07-25 17:32:28'),(104,1,NULL,39,'like','2025-07-25 17:53:40'),(105,2,NULL,39,'unlike','2025-07-25 17:54:42'),(106,2,NULL,39,'unlike','2025-07-25 17:54:43'),(107,2,NULL,39,'like','2025-07-25 17:55:17'),(108,2,NULL,39,'like','2025-07-25 17:55:17'),(117,2,NULL,41,'unlike','2025-07-25 18:02:48'),(118,1,NULL,41,'unlike','2025-07-25 18:03:06'),(119,2,NULL,57,'like','2025-07-25 18:08:06'),(120,1,NULL,57,'like','2025-07-25 18:08:13'),(121,2,NULL,57,'unlike','2025-07-25 18:11:32'),(122,2,NULL,57,'unlike','2025-07-25 18:11:32'),(123,1,NULL,57,'unlike','2025-07-25 18:11:48'),(124,1,NULL,57,'unlike','2025-07-25 18:11:48'),(125,2,NULL,41,'like','2025-07-25 18:12:09'),(126,2,NULL,41,'like','2025-07-25 18:12:09'),(127,2,NULL,41,'unlike','2025-07-25 18:12:10'),(128,2,NULL,41,'unlike','2025-07-25 18:12:10'),(129,1,NULL,41,'like','2025-07-25 18:12:18'),(130,1,NULL,41,'like','2025-07-25 18:12:18'),(131,2,NULL,41,'like','2025-07-25 18:12:46'),(132,2,NULL,41,'like','2025-07-25 18:12:46'),(133,1,NULL,57,'like','2025-07-25 18:14:34'),(134,1,NULL,57,'like','2025-07-25 18:14:34'),(135,2,NULL,57,'like','2025-07-25 18:14:54'),(136,1,NULL,39,'unlike','2025-07-26 00:46:08'),(137,2,NULL,39,'unlike','2025-07-26 00:46:42'),(138,2,NULL,39,'unlike','2025-07-26 00:46:42'),(139,2,NULL,39,'like','2025-07-26 00:46:43'),(140,2,NULL,39,'like','2025-07-26 00:46:43'),(141,1,NULL,39,'like','2025-07-26 00:47:11'),(142,1,NULL,57,'unlike','2025-07-26 00:47:52'),(143,2,NULL,57,'unlike','2025-07-26 00:48:16'),(144,2,NULL,57,'like','2025-07-26 00:48:28'),(145,1,NULL,57,'like','2025-07-26 00:48:42'),(146,1,NULL,57,'unlike','2025-07-26 00:51:26'),(147,2,NULL,57,'unlike','2025-07-26 00:51:46'),(148,1,NULL,57,'like','2025-07-26 00:55:50'),(149,1,NULL,57,'like','2025-07-26 00:55:50'),(150,2,NULL,57,'like','2025-07-26 00:56:37'),(151,2,NULL,57,'like','2025-07-26 00:56:37'),(152,2,NULL,57,'unlike','2025-07-26 01:14:16'),(153,2,NULL,57,'unlike','2025-07-26 01:14:16'),(154,1,NULL,57,'unlike','2025-07-26 01:15:21'),(155,1,NULL,57,'unlike','2025-07-26 01:15:21'),(156,1,NULL,57,'like','2025-07-26 01:25:55'),(157,1,NULL,57,'like','2025-07-26 01:25:55'),(158,1,NULL,57,'like','2025-07-26 01:25:58'),(159,1,NULL,57,'like','2025-07-26 01:25:58'),(160,2,NULL,57,'like','2025-07-26 01:26:38'),(161,2,NULL,57,'like','2025-07-26 01:26:38'),(162,2,NULL,57,'like','2025-07-26 01:26:43'),(163,2,NULL,57,'like','2025-07-26 01:26:43'),(164,2,NULL,27,'like','2025-07-26 01:29:09'),(165,2,NULL,27,'like','2025-07-26 01:29:09'),(166,2,NULL,27,'like','2025-07-26 01:29:16'),(167,2,NULL,27,'like','2025-07-26 01:29:16'),(168,2,NULL,27,'unlike','2025-07-26 01:29:19'),(169,2,NULL,27,'unlike','2025-07-26 01:29:19'),(170,2,NULL,27,'unlike','2025-07-26 01:29:27'),(171,2,NULL,27,'unlike','2025-07-26 01:29:27'),(172,2,NULL,27,'like','2025-07-26 01:29:44'),(173,2,NULL,27,'like','2025-07-26 01:29:44'),(174,2,NULL,27,'like','2025-07-26 01:29:46'),(175,2,NULL,27,'like','2025-07-26 01:29:46'),(176,1,NULL,53,'unlike','2025-07-26 01:40:18'),(177,1,NULL,53,'unlike','2025-07-26 01:40:18'),(178,1,NULL,53,'unlike','2025-07-26 01:40:29'),(179,1,NULL,53,'unlike','2025-07-26 01:40:29'),(180,2,NULL,53,'unlike','2025-07-26 01:40:42'),(181,2,NULL,53,'like','2025-07-26 01:41:03'),(182,2,NULL,53,'unlike','2025-07-26 01:41:03'),(183,2,NULL,53,'like','2025-07-26 01:41:06'),(184,2,NULL,53,'unlike','2025-07-26 01:41:07'),(185,2,NULL,24,'like','2025-07-26 01:47:18'),(186,2,NULL,24,'like','2025-07-26 01:47:18'),(187,2,NULL,24,'like','2025-07-26 01:49:40'),(188,2,NULL,24,'like','2025-07-26 01:49:40'),(189,1,NULL,57,'unlike','2025-07-26 02:26:55'),(190,1,NULL,57,'unlike','2025-07-26 02:26:55'),(191,2,NULL,57,'unlike','2025-07-26 02:27:13'),(192,1,NULL,53,'like','2025-07-26 11:09:27'),(193,1,NULL,53,'like','2025-07-26 11:09:27'),(194,1,NULL,53,'unlike','2025-07-26 11:09:28'),(195,1,NULL,53,'unlike','2025-07-26 11:09:28'),(196,1,NULL,53,'like','2025-07-26 11:09:29'),(197,1,NULL,53,'like','2025-07-26 11:09:29'),(198,1,NULL,53,'unlike','2025-07-26 11:09:29'),(199,1,NULL,53,'unlike','2025-07-26 11:09:29'),(200,1,NULL,24,'unlike','2025-07-26 15:14:46'),(201,1,NULL,24,'like','2025-07-26 15:14:47'),(202,1,NULL,25,'like','2025-07-26 15:14:48'),(203,1,NULL,25,'unlike','2025-07-26 15:14:49'),(204,1,NULL,57,'like','2025-07-26 15:24:59'),(205,1,NULL,57,'like','2025-07-26 15:24:59'),(206,1,NULL,53,'like','2025-07-26 15:28:05'),(207,1,NULL,53,'like','2025-07-26 15:28:05'),(208,1,NULL,53,'like','2025-07-26 15:28:06'),(209,1,NULL,53,'like','2025-07-26 15:28:06'),(210,1,NULL,25,'like','2025-07-26 15:33:15'),(211,1,NULL,25,'like','2025-07-26 15:33:16'),(212,1,NULL,25,'like','2025-07-26 15:33:16'),(213,1,NULL,25,'unlike','2025-07-26 15:33:43'),(214,1,NULL,25,'unlike','2025-07-26 15:33:43'),(215,1,NULL,25,'like','2025-07-26 15:33:50'),(216,1,NULL,25,'like','2025-07-26 15:33:50'),(217,1,NULL,25,'unlike','2025-07-26 15:34:01'),(218,1,NULL,25,'unlike','2025-07-26 15:34:06'),(219,1,NULL,25,'unlike','2025-07-26 15:34:06'),(220,2,NULL,20,'unlike','2025-07-26 15:39:15'),(221,2,NULL,20,'unlike','2025-07-26 15:39:15'),(226,2,1,NULL,'unfollow','2025-07-26 15:49:20'),(227,2,1,NULL,'follow','2025-07-26 15:49:20'),(228,2,1,NULL,'unfollow','2025-07-26 15:49:22'),(229,2,1,NULL,'follow','2025-07-26 15:49:23'),(230,6,NULL,57,'unlike','2025-07-26 23:08:49'),(231,6,NULL,57,'unlike','2025-07-26 23:08:49'),(232,6,NULL,57,'like','2025-07-26 23:08:51'),(233,6,NULL,57,'like','2025-07-26 23:08:51'),(234,6,NULL,57,'unlike','2025-07-26 23:08:53'),(235,6,NULL,57,'unlike','2025-07-26 23:08:53'),(236,6,NULL,57,'like','2025-07-26 23:08:53'),(237,6,NULL,57,'like','2025-07-26 23:08:53'),(238,6,NULL,57,'unlike','2025-07-26 23:08:55'),(239,6,NULL,57,'unlike','2025-07-26 23:08:55'),(240,6,NULL,57,'like','2025-07-26 23:08:56'),(241,6,NULL,57,'like','2025-07-26 23:08:56'),(242,6,NULL,41,'like','2025-07-26 23:09:02'),(243,6,NULL,41,'like','2025-07-26 23:09:02'),(244,6,NULL,41,'unlike','2025-07-26 23:09:04'),(245,6,NULL,41,'unlike','2025-07-26 23:09:04'),(246,6,NULL,41,'like','2025-07-26 23:09:05'),(247,6,NULL,41,'like','2025-07-26 23:09:05'),(248,6,NULL,41,'unlike','2025-07-26 23:09:06'),(249,6,NULL,41,'unlike','2025-07-26 23:09:06'),(250,6,NULL,41,'like','2025-07-26 23:09:06'),(251,6,NULL,41,'like','2025-07-26 23:09:06'),(252,6,NULL,41,'unlike','2025-07-26 23:09:06'),(253,6,NULL,41,'unlike','2025-07-26 23:09:06'),(254,6,NULL,41,'like','2025-07-26 23:09:07'),(255,6,NULL,41,'like','2025-07-26 23:09:07'),(256,2,NULL,48,'like','2025-07-26 23:54:07'),(257,2,NULL,48,'like','2025-07-26 23:54:08'),(258,2,NULL,49,'like','2025-07-26 23:54:08'),(259,2,NULL,49,'like','2025-07-26 23:54:08'),(260,2,NULL,50,'like','2025-07-26 23:54:08'),(261,2,NULL,50,'like','2025-07-26 23:54:08'),(262,2,NULL,51,'like','2025-07-26 23:54:08'),(263,2,NULL,51,'like','2025-07-26 23:54:08'),(266,2,NULL,48,'like','2025-07-27 00:00:30'),(267,2,NULL,48,'like','2025-07-27 00:00:30'),(268,2,NULL,49,'like','2025-07-27 00:00:30'),(269,2,NULL,49,'like','2025-07-27 00:00:30'),(270,2,NULL,50,'like','2025-07-27 00:00:30'),(271,2,NULL,50,'like','2025-07-27 00:00:30'),(272,2,NULL,51,'like','2025-07-27 00:00:30'),(273,2,NULL,51,'like','2025-07-27 00:00:30'),(276,2,NULL,48,'like','2025-07-27 00:01:15'),(277,2,NULL,48,'like','2025-07-27 00:01:15'),(278,2,NULL,49,'like','2025-07-27 00:01:15'),(279,2,NULL,49,'like','2025-07-27 00:01:15'),(280,2,NULL,50,'like','2025-07-27 00:01:15'),(281,2,NULL,50,'like','2025-07-27 00:01:15'),(282,2,NULL,51,'like','2025-07-27 00:01:15'),(283,2,NULL,51,'like','2025-07-27 00:01:15'),(286,1,NULL,32,'like','2025-07-27 03:02:28'),(287,1,NULL,32,'like','2025-07-27 03:02:28'),(288,1,NULL,32,'unlike','2025-07-27 03:02:29'),(289,1,NULL,32,'unlike','2025-07-27 03:02:29'),(290,1,NULL,32,'like','2025-07-27 03:02:30'),(291,1,NULL,32,'like','2025-07-27 03:02:30'),(292,1,NULL,32,'unlike','2025-07-27 03:02:30'),(293,1,NULL,32,'unlike','2025-07-27 03:02:30'),(326,2,NULL,57,'like','2025-07-27 07:35:01'),(327,6,NULL,57,'unlike','2025-07-27 07:36:09'),(328,6,NULL,57,'unlike','2025-07-27 07:36:09'),(329,6,NULL,57,'like','2025-07-27 07:36:19'),(330,6,NULL,57,'like','2025-07-27 07:36:19'),(331,6,2,NULL,'follow','2025-07-27 07:37:43'),(332,6,NULL,27,'like','2025-07-27 07:38:15'),(333,6,NULL,27,'unlike','2025-07-27 07:44:41'),(334,6,NULL,27,'unlike','2025-07-27 07:44:41'),(335,6,NULL,27,'like','2025-07-27 07:45:19'),(336,6,NULL,27,'like','2025-07-27 07:45:19'),(337,6,NULL,39,'like','2025-07-27 07:46:18'),(338,6,NULL,39,'like','2025-07-27 07:46:18'),(339,6,NULL,53,'like','2025-07-27 07:47:52'),(340,6,NULL,53,'like','2025-07-27 07:47:52'),(341,6,NULL,27,'unlike','2025-07-27 08:06:13'),(342,6,NULL,27,'unlike','2025-07-27 08:06:13'),(343,6,NULL,27,'unlike','2025-07-27 08:06:13'),(344,6,NULL,27,'unlike','2025-07-27 08:06:13'),(345,6,NULL,51,'like','2025-07-27 08:07:14'),(346,6,NULL,20,'like','2025-07-27 08:07:49'),(347,6,NULL,39,'unlike','2025-07-27 08:16:27'),(348,1,NULL,51,'like','2025-07-27 08:51:57'),(349,1,NULL,51,'unlike','2025-07-27 08:51:59'),(351,1,NULL,57,'unlike','2025-07-27 08:53:12'),(352,1,NULL,57,'like','2025-07-27 08:53:20'),(353,1,NULL,57,'like','2025-07-27 08:53:32'),(354,1,NULL,57,'unlike','2025-07-27 08:53:34'),(355,1,NULL,57,'like','2025-07-27 08:54:48'),(356,1,NULL,57,'unlike','2025-07-27 08:54:49'),(357,1,NULL,57,'unlike','2025-07-27 08:54:51'),(358,1,NULL,57,'like','2025-07-27 08:55:04'),(359,1,NULL,57,'unlike','2025-07-27 09:00:47'),(360,1,NULL,14,'like','2025-07-27 09:01:04'),(361,1,NULL,14,'unlike','2025-07-27 09:02:42'),(362,1,NULL,14,'like','2025-07-27 09:03:46'),(363,1,NULL,14,'unlike','2025-07-27 09:04:12'),(364,1,NULL,16,'like','2025-07-27 13:08:49'),(365,1,NULL,18,'like','2025-07-27 13:08:51'),(366,1,NULL,39,'unlike','2025-07-27 13:16:57'),(367,2,NULL,39,'unlike','2025-07-27 13:17:11'),(368,1,NULL,57,'like','2025-07-27 13:19:13'),(369,1,NULL,57,'unlike','2025-07-27 13:19:26'),(370,1,NULL,57,'unlike','2025-07-27 13:20:04'),(371,1,NULL,57,'like','2025-07-27 13:20:09'),(372,1,NULL,57,'unlike','2025-07-27 13:20:18'),(373,1,NULL,57,'like','2025-07-27 13:21:38'),(374,1,NULL,57,'unlike','2025-07-27 13:21:49'),(375,1,2,NULL,'unfollow','2025-07-27 14:52:20'),(376,1,2,NULL,'follow','2025-07-27 14:52:23'),(377,1,2,NULL,'unfollow','2025-07-27 14:57:27'),(378,1,2,NULL,'follow','2025-07-27 14:59:07'),(379,1,2,NULL,'unfollow','2025-07-27 15:00:31'),(380,1,2,NULL,'follow','2025-07-27 15:00:44'),(381,1,2,NULL,'unfollow','2025-07-27 15:00:48'),(382,6,5,NULL,'unfollow','2025-07-27 15:19:42'),(383,1,2,NULL,'follow','2025-07-27 15:20:54'),(384,1,2,NULL,'unfollow','2025-07-27 15:20:58'),(385,1,2,NULL,'follow','2025-07-27 15:24:06'),(386,1,2,NULL,'unfollow','2025-07-27 15:24:07'),(387,1,2,NULL,'follow','2025-07-27 15:27:22'),(388,1,2,NULL,'unfollow','2025-07-27 15:30:46'),(389,1,2,NULL,'unfollow','2025-07-27 15:30:49'),(390,1,2,NULL,'follow','2025-07-27 15:30:53'),(391,1,2,NULL,'unfollow','2025-07-27 15:30:55'),(392,1,2,NULL,'follow','2025-07-27 15:30:56'),(393,1,2,NULL,'unfollow','2025-07-27 15:30:58'),(394,1,2,NULL,'follow','2025-07-27 15:31:00'),(395,1,2,NULL,'follow','2025-07-27 15:31:08'),(396,1,2,NULL,'unfollow','2025-07-27 15:31:10'),(397,5,2,NULL,'unfollow','2025-07-27 15:32:13'),(398,1,2,NULL,'follow','2025-07-27 15:34:26'),(399,1,2,NULL,'unfollow','2025-07-27 15:39:50'),(400,5,2,NULL,'follow','2025-07-27 15:40:27'),(401,1,2,NULL,'follow','2025-07-27 15:40:35'),(402,1,2,NULL,'unfollow','2025-07-27 15:41:09'),(403,1,2,NULL,'follow','2025-07-27 15:41:20'),(404,5,2,NULL,'unfollow','2025-07-27 15:41:41'),(405,5,2,NULL,'follow','2025-07-27 15:41:53'),(406,1,2,NULL,'unfollow','2025-07-27 15:42:06'),(407,1,2,NULL,'follow','2025-07-27 15:42:47'),(408,1,NULL,39,'like','2025-07-27 15:44:24'),(409,1,2,NULL,'unfollow','2025-07-27 15:45:45'),(410,1,2,NULL,'follow','2025-07-27 15:46:05'),(411,1,NULL,39,'unlike','2025-07-27 15:46:30'),(412,1,NULL,39,'like','2025-07-27 15:48:38'),(413,1,NULL,27,'unlike','2025-07-27 15:48:48'),(414,1,2,NULL,'unfollow','2025-07-27 16:04:18'),(415,1,2,NULL,'follow','2025-07-27 16:05:06'),(416,1,NULL,39,'unlike','2025-07-27 16:05:31'),(417,1,2,NULL,'unfollow','2025-07-27 16:05:42'),(418,1,NULL,39,'like','2025-07-27 16:05:54'),(419,1,NULL,27,'like','2025-07-27 16:06:09'),(420,1,2,NULL,'follow','2025-07-27 16:07:35'),(421,1,2,NULL,'unfollow','2025-07-27 16:15:36'),(423,1,6,NULL,'unfollow','2025-07-27 16:52:58'),(427,1,6,NULL,'follow','2025-07-28 02:24:30'),(430,1,6,NULL,'unfollow','2025-07-30 09:03:29'),(431,1,NULL,23,'unlike','2025-07-30 13:03:00'),(432,1,NULL,26,'like','2025-07-30 13:03:00'),(433,1,NULL,47,'unlike','2025-07-30 13:03:00'),(434,1,NULL,50,'like','2025-07-30 13:03:00'),(435,1,NULL,51,'unlike','2025-07-30 13:03:00'),(436,1,NULL,53,'like','2025-07-30 13:03:00'),(437,1,6,NULL,'follow','2025-07-30 13:22:19'),(438,1,NULL,17,'like','2025-07-30 13:51:31'),(439,1,NULL,17,'unlike','2025-07-30 13:51:31'),(440,1,NULL,17,'like','2025-07-30 13:51:32'),(441,1,NULL,17,'like','2025-07-30 13:51:34'),(442,1,NULL,22,'like','2025-07-30 13:51:35'),(443,1,NULL,17,'like','2025-07-30 13:51:38'),(444,1,NULL,22,'like','2025-07-30 13:51:38'),(445,1,NULL,22,'like','2025-07-30 13:51:44'),(446,1,NULL,57,'like','2025-07-30 14:52:16'),(447,1,NULL,28,'like','2025-07-30 14:52:30'),(448,1,NULL,57,'unlike','2025-07-31 01:44:59'),(449,1,6,NULL,'unfollow','2025-07-31 01:45:16'),(450,1,6,NULL,'follow','2025-07-31 01:45:19'),(451,1,NULL,21,'like','2025-07-31 01:45:44'),(452,1,NULL,31,'like','2025-07-31 01:47:00'),(454,1,NULL,47,'like','2025-07-31 01:47:52'),(455,1,NULL,20,'unlike','2025-07-31 01:49:12'),(456,1,2,NULL,'follow','2025-07-31 01:49:34'),(457,1,NULL,20,'like','2025-07-31 01:49:56'),(459,1,NULL,57,'like','2025-07-31 15:02:45'),(460,1,NULL,57,'unlike','2025-07-31 15:02:45'),(461,1,NULL,57,'like','2025-07-31 15:02:47'),(462,1,NULL,57,'unlike','2025-07-31 15:02:51'),(463,1,NULL,51,'like','2025-07-31 15:02:56'),(464,1,NULL,57,'like','2025-07-31 15:35:07'),(465,1,NULL,57,'unlike','2025-07-31 15:35:08'),(466,1,NULL,61,'like','2025-08-01 01:21:01'),(467,1,NULL,61,'unlike','2025-08-01 01:26:07'),(468,1,NULL,61,'like','2025-08-01 01:26:17'),(469,1,NULL,31,'unlike','2025-08-01 01:26:35'),(470,1,NULL,60,'like','2025-08-01 05:11:12'),(471,5,NULL,31,'like','2025-08-01 05:11:25'),(472,1,NULL,31,'like','2025-08-01 05:12:00'),(473,1,NULL,61,'unlike','2025-08-01 14:21:07'),(474,1,NULL,61,'unlike','2025-08-01 14:24:14'),(475,1,NULL,61,'unlike','2025-08-01 14:24:21'),(476,1,NULL,61,'unlike','2025-08-01 14:24:21'),(477,1,NULL,61,'unlike','2025-08-01 14:24:21'),(478,1,NULL,61,'unlike','2025-08-01 14:41:28'),(479,1,2,NULL,'unfollow','2025-08-01 15:56:26'),(480,1,2,NULL,'follow','2025-08-01 15:57:19'),(481,1,2,NULL,'follow','2025-08-01 15:57:21'),(482,1,2,NULL,'follow','2025-08-01 15:57:23'),(483,1,2,NULL,'unfollow','2025-08-01 15:57:43'),(484,1,2,NULL,'follow','2025-08-01 15:57:44'),(485,1,2,NULL,'unfollow','2025-08-01 15:57:50'),(486,1,2,NULL,'follow','2025-08-01 15:57:51'),(487,1,2,NULL,'unfollow','2025-08-01 15:57:52'),(488,1,NULL,49,'unlike','2025-08-01 15:58:53'),(489,1,NULL,49,'like','2025-08-01 15:58:53'),(490,1,2,NULL,'follow','2025-08-01 16:00:11'),(491,1,2,NULL,'unfollow','2025-08-01 16:02:01'),(492,2,NULL,39,'like','2025-08-02 16:15:18'),(493,2,NULL,39,'unlike','2025-08-02 16:15:20'),(494,2,6,NULL,'unfollow','2025-08-02 16:15:56'),(495,2,NULL,62,'like','2025-08-03 05:41:40'),(496,1,NULL,61,'like','2025-08-04 15:42:48'),(497,1,NULL,61,'like','2025-08-04 15:42:57'),(498,1,6,NULL,'unfollow','2025-08-05 09:59:25'),(499,1,5,NULL,'unfollow','2025-08-05 10:00:44'),(500,1,2,NULL,'follow','2025-08-05 10:01:04'),(501,1,5,NULL,'follow','2025-08-05 10:01:18'),(502,1,6,NULL,'follow','2025-08-05 10:01:26'),(503,1,NULL,25,'like','2025-08-05 10:01:32'),(504,1,NULL,62,'like','2025-08-05 10:57:41'),(505,1,NULL,62,'like','2025-08-05 10:57:43'),(506,1,NULL,62,'unlike','2025-08-05 10:57:46'),(507,1,NULL,62,'unlike','2025-08-05 10:57:53'),(508,1,5,NULL,'unfollow','2025-08-05 15:27:22'),(509,1,5,NULL,'follow','2025-08-05 15:28:15'),(510,1,5,NULL,'unfollow','2025-08-05 15:28:32'),(511,1,5,NULL,'follow','2025-08-05 15:34:16'),(512,1,5,NULL,'unfollow','2025-08-05 15:34:17'),(513,1,5,NULL,'follow','2025-08-05 15:36:29'),(514,1,5,NULL,'unfollow','2025-08-05 15:36:40'),(515,1,5,NULL,'follow','2025-08-05 15:40:42'),(516,1,5,NULL,'unfollow','2025-08-05 15:42:08'),(517,1,5,NULL,'follow','2025-08-05 15:47:09'),(518,1,5,NULL,'unfollow','2025-08-05 15:47:44'),(519,1,5,NULL,'follow','2025-08-05 15:48:54'),(520,1,5,NULL,'unfollow','2025-08-05 15:49:13'),(521,1,5,NULL,'follow','2025-08-05 15:49:15'),(522,1,5,NULL,'unfollow','2025-08-05 15:49:17'),(523,1,5,NULL,'follow','2025-08-05 15:49:49'),(524,1,5,NULL,'unfollow','2025-08-05 15:51:45'),(525,1,5,NULL,'follow','2025-08-05 15:51:51'),(526,1,5,NULL,'follow','2025-08-05 15:52:20'),(527,1,5,NULL,'unfollow','2025-08-05 15:53:24'),(528,1,5,NULL,'follow','2025-08-05 15:53:30'),(529,1,5,NULL,'unfollow','2025-08-05 15:54:49'),(530,1,5,NULL,'follow','2025-08-05 15:54:55'),(531,1,5,NULL,'unfollow','2025-08-05 15:55:23'),(532,1,5,NULL,'follow','2025-08-05 16:06:09'),(533,1,5,NULL,'unfollow','2025-08-05 16:11:50'),(534,1,6,NULL,'unfollow','2025-08-05 16:13:17'),(535,1,5,NULL,'follow','2025-08-05 16:21:51'),(536,1,6,NULL,'follow','2025-08-05 16:22:06'),(537,1,NULL,61,'unlike','2025-08-06 02:16:06'),(538,1,NULL,61,'like','2025-08-06 02:16:10'),(539,2,NULL,61,'like','2025-08-06 02:16:21'),(540,1,NULL,61,'unlike','2025-08-06 02:26:07'),(541,1,NULL,61,'like','2025-08-06 02:26:29'),(542,1,NULL,61,'unlike','2025-08-06 02:27:54'),(543,1,NULL,61,'like','2025-08-06 02:33:18'),(544,1,NULL,61,'unlike','2025-08-06 02:33:23'),(545,1,NULL,61,'like','2025-08-06 02:33:31'),(546,1,5,NULL,'unfollow','2025-08-06 06:38:33'),(547,1,5,NULL,'follow','2025-08-06 06:38:41'),(548,6,NULL,62,'like','2025-08-07 04:47:23'),(549,1,NULL,14,'like','2025-08-08 09:12:20'),(550,1,NULL,14,'unlike','2025-08-08 09:12:20'),(551,1,NULL,62,'like','2025-08-08 09:12:34'),(552,1,NULL,62,'unlike','2025-08-08 09:12:36'),(553,1,5,NULL,'unfollow','2025-08-10 10:40:24'),(554,1,5,NULL,'follow','2025-08-10 10:40:27'),(555,1,NULL,62,'like','2025-08-11 08:31:14'),(556,1,NULL,62,'unlike','2025-08-11 15:00:11'),(557,1,NULL,62,'like','2025-08-11 15:02:46'),(558,1,NULL,62,'unlike','2025-08-11 15:08:40'),(559,1,NULL,62,'like','2025-08-11 15:08:41'),(560,2,NULL,63,'like','2025-08-11 15:08:48'),(561,2,NULL,63,'unlike','2025-08-11 15:08:49'),(562,2,NULL,62,'unlike','2025-08-11 15:08:50'),(563,2,NULL,62,'like','2025-08-11 15:08:51'),(564,2,NULL,62,'unlike','2025-08-11 15:09:06'),(565,2,NULL,62,'like','2025-08-11 15:10:06'),(566,1,NULL,63,'like','2025-08-11 15:13:14'),(567,1,NULL,62,'unlike','2025-08-11 15:25:49'),(569,1,NULL,63,'unlike','2025-08-13 15:25:43'),(570,1,NULL,63,'like','2025-08-13 15:25:43'),(571,1,NULL,74,'like','2025-08-16 07:53:07'),(572,1,NULL,76,'like','2025-08-16 15:47:27'),(573,1,NULL,81,'like','2025-08-20 06:04:37'),(574,1,NULL,23,'like','2025-08-20 06:04:42'),(575,1,NULL,62,'like','2025-08-20 15:24:18'),(576,2,NULL,82,'like','2025-08-20 16:32:56'),(577,1,NULL,82,'like','2025-08-20 16:33:01'),(578,2,NULL,82,'unlike','2025-08-20 16:33:31'),(579,2,NULL,82,'like','2025-08-20 16:33:52'),(580,1,NULL,82,'unlike','2025-08-20 16:34:04'),(585,1,NULL,85,'like','2025-08-21 16:45:48'),(586,1,NULL,93,'like','2025-08-22 14:31:59'),(587,1,NULL,93,'unlike','2025-08-22 14:32:01'),(588,1,NULL,93,'like','2025-08-22 14:32:21'),(589,1,NULL,14,'like','2025-08-22 16:13:23'),(590,1,NULL,27,'unlike','2025-08-22 16:14:00'),(592,1,NULL,93,'unlike','2025-08-22 16:15:18'),(593,1,NULL,81,'unlike','2025-08-22 22:47:27'),(594,1,NULL,93,'like','2025-08-22 22:52:17'),(595,2,NULL,93,'like','2025-08-22 22:57:51'),(597,1,2,NULL,'unfollow','2025-08-24 05:32:51'),(598,1,2,NULL,'follow','2025-08-24 05:32:53'),(599,2,NULL,98,'like','2025-08-24 05:33:39'),(600,2,NULL,98,'unlike','2025-08-24 05:34:20'),(601,1,NULL,98,'like','2025-08-24 05:34:33'),(602,1,NULL,98,'unlike','2025-08-24 05:34:33'),(603,2,NULL,98,'like','2025-08-24 05:38:59'),(604,1,NULL,98,'like','2025-08-24 05:52:12'),(606,1,NULL,34,'unlike','2025-08-26 03:30:41'),(607,1,2,NULL,'unfollow','2025-08-26 07:57:27'),(608,1,2,NULL,'follow','2025-08-26 07:57:30'),(609,2,1,NULL,'unfollow','2025-08-26 08:27:06'),(610,2,1,NULL,'follow','2025-08-26 08:27:12'),(611,2,1,NULL,'unfollow','2025-08-26 08:27:15'),(612,2,1,NULL,'follow','2025-08-26 08:30:17'),(613,5,1,NULL,'unfollow','2025-08-26 08:33:57'),(614,2,NULL,104,'like','2025-08-27 16:47:29'),(615,2,NULL,104,'unlike','2025-08-27 16:47:31'),(620,1,NULL,72,'like','2025-08-28 23:14:58'),(621,1,NULL,72,'unlike','2025-08-28 23:15:00'),(622,1,2,NULL,'unfollow','2025-08-29 02:23:25'),(623,1,2,NULL,'follow','2025-08-29 02:23:27'),(624,1,NULL,104,'like','2025-08-29 02:27:18'),(628,10,2,NULL,'follow','2025-08-31 14:10:27'),(629,1,NULL,60,'unlike','2025-09-02 00:26:49'),(630,1,NULL,60,'like','2025-09-02 00:26:52'),(631,1,NULL,60,'unlike','2025-09-02 00:26:53'),(632,1,NULL,60,'like','2025-09-02 00:26:57'),(635,1,NULL,61,'unlike','2025-09-02 07:38:48'),(636,1,NULL,61,'like','2025-09-02 07:38:51'),(637,1,NULL,82,'like','2025-09-02 07:40:53'),(641,1,NULL,104,'unlike','2025-09-02 08:04:22'),(642,1,NULL,104,'like','2025-09-02 08:04:26'),(643,1,NULL,62,'unlike','2025-09-02 08:41:11'),(644,1,NULL,62,'like','2025-09-02 08:41:13'),(645,10,1,NULL,'follow','2025-09-02 11:19:46'),(650,10,NULL,98,'like','2025-09-03 17:12:16'),(653,1,2,NULL,'unfollow','2025-09-04 06:18:53'),(654,1,2,NULL,'follow','2025-09-04 06:18:57'),(657,1,2,NULL,'unfollow','2025-09-04 08:00:20'),(662,2,NULL,14,'like','2025-09-05 16:59:06'),(663,2,NULL,14,'unlike','2025-09-05 16:59:08'),(666,2,1,NULL,'unfollow','2025-09-05 22:47:30'),(667,2,1,NULL,'unfollow','2025-09-05 22:47:31'),(668,2,1,NULL,'follow','2025-09-05 22:47:40'),(669,2,1,NULL,'unfollow','2025-09-05 22:47:48'),(670,2,1,NULL,'follow','2025-09-05 22:47:53'),(671,2,1,NULL,'unfollow','2025-09-05 23:00:11'),(672,2,1,NULL,'follow','2025-09-05 23:00:22'),(675,2,NULL,18,'like','2025-09-05 23:01:48'),(676,2,NULL,18,'unlike','2025-09-05 23:01:51'),(692,2,NULL,104,'like','2025-09-06 06:08:04'),(699,2,NULL,47,'like','2025-09-06 06:21:27'),(700,2,NULL,47,'unlike','2025-09-06 06:21:28'),(701,2,NULL,60,'like','2025-09-06 06:21:30'),(702,2,NULL,60,'unlike','2025-09-06 06:21:31'),(703,2,NULL,47,'like','2025-09-06 06:24:00'),(704,2,NULL,47,'unlike','2025-09-06 06:24:02'),(707,2,NULL,39,'like','2025-09-06 06:29:22'),(708,2,NULL,104,'unlike','2025-09-06 06:29:45'),(709,2,NULL,104,'like','2025-09-06 06:29:48'),(710,2,NULL,104,'unlike','2025-09-06 06:30:01'),(711,2,NULL,104,'unlike','2025-09-06 06:30:01'),(712,2,NULL,104,'like','2025-09-06 06:30:10'),(713,2,NULL,104,'like','2025-09-06 06:30:10'),(714,2,NULL,104,'unlike','2025-09-06 06:30:15'),(715,2,NULL,104,'unlike','2025-09-06 06:30:15'),(716,2,NULL,104,'like','2025-09-06 06:30:42'),(717,2,NULL,104,'like','2025-09-06 06:30:42'),(718,2,NULL,104,'unlike','2025-09-06 06:32:19'),(719,2,NULL,104,'like','2025-09-06 06:32:21'),(720,2,NULL,104,'unlike','2025-09-06 06:36:55'),(721,2,NULL,104,'like','2025-09-06 06:36:57'),(723,1,NULL,81,'like','2025-09-06 06:52:10'),(724,1,NULL,81,'unlike','2025-09-06 06:52:19'),(725,1,NULL,81,'like','2025-09-06 06:52:34'),(726,1,NULL,104,'unlike','2025-09-06 07:03:37'),(727,1,NULL,104,'like','2025-09-06 07:03:48'),(728,1,NULL,104,'unlike','2025-09-06 07:05:19'),(729,1,NULL,104,'like','2025-09-06 07:05:32'),(730,1,NULL,104,'unlike','2025-09-06 07:06:06'),(731,1,NULL,104,'like','2025-09-06 07:06:20'),(732,1,NULL,104,'unlike','2025-09-06 07:07:32'),(734,1,NULL,104,'like','2025-09-06 07:08:23'),(738,1,NULL,61,'unlike','2025-09-06 07:12:11'),(739,1,NULL,61,'like','2025-09-06 07:12:14'),(740,1,NULL,61,'unlike','2025-09-06 08:48:12'),(741,1,NULL,61,'like','2025-09-07 05:29:18'),(742,1,NULL,61,'unlike','2025-09-07 05:29:20'),(743,1,NULL,18,'unlike','2025-09-07 05:39:44'),(744,1,NULL,18,'like','2025-09-07 05:39:46'),(745,1,NULL,60,'unlike','2025-09-07 05:39:52'),(746,1,NULL,60,'like','2025-09-07 05:39:54'),(747,1,NULL,112,'like','2025-09-07 05:39:56'),(748,1,NULL,112,'unlike','2025-09-07 05:39:58'),(751,1,NULL,98,'unlike','2025-09-09 01:33:41'),(752,1,NULL,98,'like','2025-09-09 01:33:42'),(753,1,NULL,112,'like','2025-09-09 15:07:40'),(754,1,NULL,112,'unlike','2025-09-09 15:07:41'),(755,1,NULL,113,'like','2025-09-09 15:23:17'),(756,1,NULL,113,'unlike','2025-09-09 15:23:19'),(757,1,NULL,61,'like','2025-09-10 22:37:43'),(758,1,NULL,61,'unlike','2025-09-10 22:37:45'),(759,1,NULL,113,'like','2025-09-11 16:37:45'),(760,1,NULL,93,'unlike','2025-09-12 23:09:08'),(761,1,NULL,112,'like','2025-09-13 03:01:12'),(762,1,NULL,112,'unlike','2025-09-13 03:01:18'),(763,1,NULL,112,'like','2025-09-13 14:36:34'),(764,1,NULL,112,'unlike','2025-09-13 14:36:35'),(765,10,NULL,113,'like','2025-09-13 22:59:41'),(766,10,NULL,113,'unlike','2025-09-13 22:59:43'),(769,14,NULL,113,'like','2025-09-20 16:25:33'),(770,1,NULL,93,'like','2025-09-21 06:03:04'),(771,1,NULL,93,'unlike','2025-09-21 06:03:07'),(772,1,5,NULL,'unfollow','2025-09-23 14:18:23'),(773,1,5,NULL,'follow','2025-09-23 14:18:28'),(774,1,NULL,61,'like','2025-09-23 14:19:39'),(775,1,NULL,61,'unlike','2025-09-23 14:19:41'),(776,1,5,NULL,'unfollow','2025-09-23 14:20:07'),(777,1,5,NULL,'follow','2025-09-23 14:20:08'),(778,1,5,NULL,'unfollow','2025-09-23 14:54:19'),(779,1,5,NULL,'follow','2025-09-23 14:54:21'),(780,16,10,NULL,'follow','2025-09-23 14:58:01'),(781,16,NULL,113,'like','2025-09-23 14:58:04'),(782,1,NULL,112,'like','2025-09-23 22:31:12'),(783,1,NULL,112,'unlike','2025-09-23 22:31:14'),(784,14,NULL,119,'like','2025-09-24 11:13:18'),(785,16,NULL,119,'like','2025-09-24 11:27:36'),(786,16,1,NULL,'follow','2025-09-25 07:25:59'),(787,6,NULL,120,'like','2025-09-26 07:52:25'),(789,10,NULL,120,'like','2025-09-26 08:55:41'),(790,16,NULL,120,'like','2025-09-26 22:56:50'),(791,6,NULL,119,'like','2025-09-26 22:58:09'),(792,18,NULL,120,'like','2025-09-26 23:00:49'),(793,1,NULL,120,'like','2025-09-29 07:29:39'),(794,1,NULL,119,'like','2025-10-03 23:31:17'),(795,1,NULL,119,'unlike','2025-10-03 23:31:18'),(796,1,NULL,119,'like','2025-10-03 23:31:19'),(797,1,NULL,119,'unlike','2025-10-03 23:51:14'),(798,1,NULL,119,'like','2025-10-03 23:51:16'),(799,1,NULL,118,'like','2025-10-03 23:51:25'),(800,1,NULL,113,'unlike','2025-10-03 23:55:21'),(801,1,NULL,93,'like','2025-10-04 00:00:31'),(802,1,NULL,14,'unlike','2025-10-04 07:51:05'),(803,1,NULL,112,'like','2025-10-04 08:45:59'),(804,1,NULL,112,'unlike','2025-10-04 08:46:15');
/*!40000 ALTER TABLE `user_action_log` ENABLE KEYS */;
UNLOCK TABLES;

--
-- Table structure for table `user_follow`
--

DROP TABLE IF EXISTS `user_follow`;
/*!40101 SET @saved_cs_client     = @@character_set_client */;
/*!50503 SET character_set_client = utf8mb4 */;
CREATE TABLE `user_follow` (
  `id` int NOT NULL AUTO_INCREMENT,
  `follower_id` int NOT NULL,
  `followee_id` int NOT NULL,
  `created_at` datetime DEFAULT CURRENT_TIMESTAMP,
  PRIMARY KEY (`id`),
  UNIQUE KEY `unique_follow` (`follower_id`,`followee_id`),
  KEY `fk_followee` (`followee_id`),
  CONSTRAINT `fk_followee` FOREIGN KEY (`followee_id`) REFERENCES `user` (`id`) ON DELETE CASCADE,
  CONSTRAINT `fk_follower` FOREIGN KEY (`follower_id`) REFERENCES `user` (`id`) ON DELETE CASCADE
) ENGINE=InnoDB AUTO_INCREMENT=88 DEFAULT CHARSET=utf8mb4 COLLATE=utf8mb4_unicode_ci;
/*!40101 SET character_set_client = @saved_cs_client */;

--
-- Dumping data for table `user_follow`
--

LOCK TABLES `user_follow` WRITE;
/*!40000 ALTER TABLE `user_follow` DISABLE KEYS */;
INSERT INTO `user_follow` VALUES (5,2,5,'2025-07-19 17:03:18'),(9,5,6,'2025-07-19 17:04:36'),(19,6,1,'2025-07-25 17:11:39'),(22,6,2,'2025-07-27 07:37:43'),(37,5,2,'2025-07-27 15:41:53'),(69,1,6,'2025-08-05 16:22:06'),(77,10,2,'2025-08-31 14:10:27'),(78,10,1,'2025-09-02 11:19:46'),(82,2,1,'2025-09-05 23:00:22'),(85,1,5,'2025-09-23 14:54:21'),(86,16,10,'2025-09-23 14:58:01'),(87,16,1,'2025-09-25 07:25:59');
/*!40000 ALTER TABLE `user_follow` ENABLE KEYS */;
UNLOCK TABLES;

--
-- Table structure for table `verification_tokens`
--

DROP TABLE IF EXISTS `verification_tokens`;
/*!40101 SET @saved_cs_client     = @@character_set_client */;
/*!50503 SET character_set_client = utf8mb4 */;
CREATE TABLE `verification_tokens` (
  `id` int NOT NULL AUTO_INCREMENT,
  `user_id` int NOT NULL,
  `token` varchar(255) COLLATE utf8mb4_unicode_ci NOT NULL,
  `verification_type` varchar(50) COLLATE utf8mb4_unicode_ci NOT NULL,
  `verification_code` varchar(10) COLLATE utf8mb4_unicode_ci DEFAULT NULL,
  `expires_at` timestamp NOT NULL,
  `used` tinyint(1) DEFAULT '0',
  `used_at` timestamp NULL DEFAULT NULL,
  `created_at` timestamp NULL DEFAULT CURRENT_TIMESTAMP,
  PRIMARY KEY (`id`),
  UNIQUE KEY `token` (`token`),
  KEY `idx_token` (`token`),
  KEY `idx_user_id` (`user_id`),
  KEY `idx_verification_type` (`verification_type`),
  KEY `idx_verification_code` (`verification_code`),
  KEY `idx_expires_at` (`expires_at`),
  KEY `idx_used` (`used`),
  CONSTRAINT `verification_tokens_ibfk_1` FOREIGN KEY (`user_id`) REFERENCES `user` (`id`) ON DELETE CASCADE
) ENGINE=InnoDB DEFAULT CHARSET=utf8mb4 COLLATE=utf8mb4_unicode_ci;
/*!40101 SET character_set_client = @saved_cs_client */;

--
-- Dumping data for table `verification_tokens`
--

LOCK TABLES `verification_tokens` WRITE;
/*!40000 ALTER TABLE `verification_tokens` DISABLE KEYS */;
/*!40000 ALTER TABLE `verification_tokens` ENABLE KEYS */;
UNLOCK TABLES;
/*!40103 SET TIME_ZONE=@OLD_TIME_ZONE */;

/*!40101 SET SQL_MODE=@OLD_SQL_MODE */;
/*!40014 SET FOREIGN_KEY_CHECKS=@OLD_FOREIGN_KEY_CHECKS */;
/*!40014 SET UNIQUE_CHECKS=@OLD_UNIQUE_CHECKS */;
/*!40101 SET CHARACTER_SET_CLIENT=@OLD_CHARACTER_SET_CLIENT */;
/*!40101 SET CHARACTER_SET_RESULTS=@OLD_CHARACTER_SET_RESULTS */;
/*!40101 SET COLLATION_CONNECTION=@OLD_COLLATION_CONNECTION */;
/*!40111 SET SQL_NOTES=@OLD_SQL_NOTES */;

-- Dump completed on 2025-10-04  8:55:12
